series	run	learning_rate	wer_percent	best_avg_logprob_wer_percent	eval_name	path	eval_path
ATC 10% train -> ATC test	lr3e-6_b10_b20p9999_clip1_frz8	3e-06	30.317273795534668	30.317273795534668	atc_test	/home/vol/src/plu/egs/atc/exp/20260614_101922_atc_subsample_10pct_lr8_validation/lr3e-6_b10_b20p9999_clip1_frz8	/home/vol/src/plu/egs/atc/exp/20260614_101922_atc_subsample_10pct_lr8_atc_test/lr3e-6_b10_b20p9999_clip1_frz8.atc_test
ATC 10% train -> ATC test	lr5e-6_b10_b20p9999_clip1_frz8	5e-06	21.316098707403057	21.316098707403057	atc_test	/home/vol/src/plu/egs/atc/exp/20260614_101922_atc_subsample_10pct_lr8_validation/lr5e-6_b10_b20p9999_clip1_frz8	/home/vol/src/plu/egs/atc/exp/20260614_101922_atc_subsample_10pct_lr8_atc_test/lr5e-6_b10_b20p9999_clip1_frz8.atc_test
ATC 10% train -> ATC test	lr7e-6_b10_b20p9999_clip1_frz8	7e-06	17.779083431257344	17.779083431257344	atc_test	/home/vol/src/plu/egs/atc/exp/20260614_101922_atc_subsample_10pct_lr8_validation/lr7e-6_b10_b20p9999_clip1_frz8	/home/vol/src/plu/egs/atc/exp/20260614_101922_atc_subsample_10pct_lr8_atc_test/lr7e-6_b10_b20p9999_clip1_frz8.atc_test
ATC 10% train -> ATC test	lr1e-5_b10_b20p9999_clip1_frz8	1e-05	17.614571092831962	17.614571092831962	atc_test	/home/vol/src/plu/egs/atc/exp/20260614_101922_atc_subsample_10pct_lr8_validation/lr1e-5_b10_b20p9999_clip1_frz8	/home/vol/src/plu/egs/atc/exp/20260614_101922_atc_subsample_10pct_lr8_atc_test/lr1e-5_b10_b20p9999_clip1_frz8.atc_test
ATC 10% train -> ATC test	lr1p2e-5_b10_b20p9999_clip1_frz8	1.2e-05	17.156286721504113	17.156286721504113	atc_test	/home/vol/src/plu/egs/atc/exp/20260614_101922_atc_subsample_10pct_lr8_validation/lr1p2e-5_b10_b20p9999_clip1_frz8	/home/vol/src/plu/egs/atc/exp/20260614_101922_atc_subsample_10pct_lr8_atc_test/lr1p2e-5_b10_b20p9999_clip1_frz8.atc_test
ATC 10% train -> ATC test	lr1p5e-5_b10_b20p9999_clip1_frz8	1.5e-05	17.485311398354877	17.485311398354877	atc_test	/home/vol/src/plu/egs/atc/exp/20260614_101922_atc_subsample_10pct_lr8_validation/lr1p5e-5_b10_b20p9999_clip1_frz8	/home/vol/src/plu/egs/atc/exp/20260614_101922_atc_subsample_10pct_lr8_atc_test/lr1p5e-5_b10_b20p9999_clip1_frz8.atc_test
ATC 10% train -> ATC test	lr2e-5_b10_b20p9999_clip1_frz8	2e-05	18.73090481786134	18.73090481786134	atc_test	/home/vol/src/plu/egs/atc/exp/20260614_101922_atc_subsample_10pct_lr8_validation/lr2e-5_b10_b20p9999_clip1_frz8	/home/vol/src/plu/egs/atc/exp/20260614_101922_atc_subsample_10pct_lr8_atc_test/lr2e-5_b10_b20p9999_clip1_frz8.atc_test
ATC 10% train -> ATC test	lr3e-5_b10_b20p9999_clip1_frz8	3e-05	26.227967097532318	26.227967097532318	atc_test	/home/vol/src/plu/egs/atc/exp/20260614_101922_atc_subsample_10pct_lr8_validation/lr3e-5_b10_b20p9999_clip1_frz8	/home/vol/src/plu/egs/atc/exp/20260614_101922_atc_subsample_10pct_lr8_atc_test/lr3e-5_b10_b20p9999_clip1_frz8.atc_test
ATC 10% train -> ATC val	lr3e-6_b10_b20p9999_clip1_frz8	3e-06	29.884510060721514	29.884510060721514	atc_validation	/home/vol/src/plu/egs/atc/exp/20260614_101922_atc_subsample_10pct_lr8_validation/lr3e-6_b10_b20p9999_clip1_frz8	/home/vol/src/plu/egs/atc/exp/20260614_101922_atc_subsample_10pct_lr8_validation/lr3e-6_b10_b20p9999_clip1_frz8.atc_validation
ATC 10% train -> ATC val	lr5e-6_b10_b20p9999_clip1_frz8	5e-06	21.443028932015718	21.443028932015718	atc_validation	/home/vol/src/plu/egs/atc/exp/20260614_101922_atc_subsample_10pct_lr8_validation/lr5e-6_b10_b20p9999_clip1_frz8	/home/vol/src/plu/egs/atc/exp/20260614_101922_atc_subsample_10pct_lr8_validation/lr5e-6_b10_b20p9999_clip1_frz8.atc_validation
ATC 10% train -> ATC val	lr7e-6_b10_b20p9999_clip1_frz8	7e-06	18.311703774258838	18.311703774258838	atc_validation	/home/vol/src/plu/egs/atc/exp/20260614_101922_atc_subsample_10pct_lr8_validation/lr7e-6_b10_b20p9999_clip1_frz8	/home/vol/src/plu/egs/atc/exp/20260614_101922_atc_subsample_10pct_lr8_validation/lr7e-6_b10_b20p9999_clip1_frz8.atc_validation
ATC 10% train -> ATC val	lr1e-5_b10_b20p9999_clip1_frz8	1e-05	17.478271222764615	17.478271222764615	atc_validation	/home/vol/src/plu/egs/atc/exp/20260614_101922_atc_subsample_10pct_lr8_validation/lr1e-5_b10_b20p9999_clip1_frz8	/home/vol/src/plu/egs/atc/exp/20260614_101922_atc_subsample_10pct_lr8_validation/lr1e-5_b10_b20p9999_clip1_frz8.atc_validation
ATC 10% train -> ATC val	lr1p2e-5_b10_b20p9999_clip1_frz8	1.2e-05	16.775806643648053	16.775806643648053	atc_validation	/home/vol/src/plu/egs/atc/exp/20260614_101922_atc_subsample_10pct_lr8_validation/lr1p2e-5_b10_b20p9999_clip1_frz8	/home/vol/src/plu/egs/atc/exp/20260614_101922_atc_subsample_10pct_lr8_validation/lr1p2e-5_b10_b20p9999_clip1_frz8.atc_validation
ATC 10% train -> ATC val	lr1p5e-5_b10_b20p9999_clip1_frz8	1.5e-05	17.490177402071673	17.490177402071673	atc_validation	/home/vol/src/plu/egs/atc/exp/20260614_101922_atc_subsample_10pct_lr8_validation/lr1p5e-5_b10_b20p9999_clip1_frz8	/home/vol/src/plu/egs/atc/exp/20260614_101922_atc_subsample_10pct_lr8_validation/lr1p5e-5_b10_b20p9999_clip1_frz8.atc_validation
ATC 10% train -> ATC val	lr2e-5_b10_b20p9999_clip1_frz8	2e-05	18.94273127753304	18.94273127753304	atc_validation	/home/vol/src/plu/egs/atc/exp/20260614_101922_atc_subsample_10pct_lr8_validation/lr2e-5_b10_b20p9999_clip1_frz8	/home/vol/src/plu/egs/atc/exp/20260614_101922_atc_subsample_10pct_lr8_validation/lr2e-5_b10_b20p9999_clip1_frz8.atc_validation
ATC 10% train -> ATC val	lr3e-5_b10_b20p9999_clip1_frz8	3e-05	27.622335992380044	27.622335992380044	atc_validation	/home/vol/src/plu/egs/atc/exp/20260614_101922_atc_subsample_10pct_lr8_validation/lr3e-5_b10_b20p9999_clip1_frz8	/home/vol/src/plu/egs/atc/exp/20260614_101922_atc_subsample_10pct_lr8_validation/lr3e-5_b10_b20p9999_clip1_frz8.atc_validation
ATC 10% train -> ATCOSIM test	lr3e-6_b10_b20p9999_clip1_frz8	3e-06	21.95035774224892	21.95035774224892	atcosim_test	/home/vol/src/plu/egs/atc/exp/20260614_101922_atc_subsample_10pct_lr8_validation/lr3e-6_b10_b20p9999_clip1_frz8	/home/vol/src/plu/egs/atc/exp/20260614_101922_atc_subsample_10pct_lr8_atcosim_test/lr3e-6_b10_b20p9999_clip1_frz8.atcosim_test
ATC 10% train -> ATCOSIM test	lr5e-6_b10_b20p9999_clip1_frz8	5e-06	19.927568236021553	19.927568236021553	atcosim_test	/home/vol/src/plu/egs/atc/exp/20260614_101922_atc_subsample_10pct_lr8_validation/lr5e-6_b10_b20p9999_clip1_frz8	/home/vol/src/plu/egs/atc/exp/20260614_101922_atc_subsample_10pct_lr8_atcosim_test/lr5e-6_b10_b20p9999_clip1_frz8.atcosim_test
ATC 10% train -> ATCOSIM test	lr7e-6_b10_b20p9999_clip1_frz8	7e-06	20.18814592350499	20.18814592350499	atcosim_test	/home/vol/src/plu/egs/atc/exp/20260614_101922_atc_subsample_10pct_lr8_validation/lr7e-6_b10_b20p9999_clip1_frz8	/home/vol/src/plu/egs/atc/exp/20260614_101922_atc_subsample_10pct_lr8_atcosim_test/lr7e-6_b10_b20p9999_clip1_frz8.atcosim_test
ATC 10% train -> ATCOSIM test	lr1e-5_b10_b20p9999_clip1_frz8	1e-05	20.470806465859905	20.470806465859905	atcosim_test	/home/vol/src/plu/egs/atc/exp/20260614_101922_atc_subsample_10pct_lr8_validation/lr1e-5_b10_b20p9999_clip1_frz8	/home/vol/src/plu/egs/atc/exp/20260614_101922_atc_subsample_10pct_lr8_atcosim_test/lr1e-5_b10_b20p9999_clip1_frz8.atcosim_test
ATC 10% train -> ATCOSIM test	lr1p2e-5_b10_b20p9999_clip1_frz8	1.2e-05	20.532638459500046	20.532638459500046	atcosim_test	/home/vol/src/plu/egs/atc/exp/20260614_101922_atc_subsample_10pct_lr8_validation/lr1p2e-5_b10_b20p9999_clip1_frz8	/home/vol/src/plu/egs/atc/exp/20260614_101922_atc_subsample_10pct_lr8_atcosim_test/lr1p2e-5_b10_b20p9999_clip1_frz8.atcosim_test
ATC 10% train -> ATCOSIM test	lr1p5e-5_b10_b20p9999_clip1_frz8	1.5e-05	25.205370550304746	25.205370550304746	atcosim_test	/home/vol/src/plu/egs/atc/exp/20260614_101922_atc_subsample_10pct_lr8_validation/lr1p5e-5_b10_b20p9999_clip1_frz8	/home/vol/src/plu/egs/atc/exp/20260614_101922_atc_subsample_10pct_lr8_atcosim_test/lr1p5e-5_b10_b20p9999_clip1_frz8.atcosim_test
ATC 10% train -> ATCOSIM test	lr2e-5_b10_b20p9999_clip1_frz8	2e-05	24.304390071548447	24.304390071548447	atcosim_test	/home/vol/src/plu/egs/atc/exp/20260614_101922_atc_subsample_10pct_lr8_validation/lr2e-5_b10_b20p9999_clip1_frz8	/home/vol/src/plu/egs/atc/exp/20260614_101922_atc_subsample_10pct_lr8_atcosim_test/lr2e-5_b10_b20p9999_clip1_frz8.atcosim_test
ATC 10% train -> ATCOSIM test	lr3e-5_b10_b20p9999_clip1_frz8	3e-05	30.78349969084003	30.78349969084003	atcosim_test	/home/vol/src/plu/egs/atc/exp/20260614_101922_atc_subsample_10pct_lr8_validation/lr3e-5_b10_b20p9999_clip1_frz8	/home/vol/src/plu/egs/atc/exp/20260614_101922_atc_subsample_10pct_lr8_atcosim_test/lr3e-5_b10_b20p9999_clip1_frz8.atcosim_test
ATC 25% train -> ATC test	lr3e-6_b10_b20p9999_clip1_frz8	3e-06	21.233842538190366	21.233842538190366	atc_test	/home/vol/src/plu/egs/atc/exp/20260614_101922_atc_subsample_25pct_lr8_validation/lr3e-6_b10_b20p9999_clip1_frz8	/home/vol/src/plu/egs/atc/exp/20260614_101922_atc_subsample_25pct_lr8_atc_test/lr3e-6_b10_b20p9999_clip1_frz8.atc_test
ATC 25% train -> ATC test	lr5e-6_b10_b20p9999_clip1_frz8	5e-06	14.864864864864865	14.864864864864865	atc_test	/home/vol/src/plu/egs/atc/exp/20260614_101922_atc_subsample_25pct_lr8_validation/lr5e-6_b10_b20p9999_clip1_frz8	/home/vol/src/plu/egs/atc/exp/20260614_101922_atc_subsample_25pct_lr8_atc_test/lr5e-6_b10_b20p9999_clip1_frz8.atc_test
ATC 25% train -> ATC test	lr7e-6_b10_b20p9999_clip1_frz8	7e-06	13.537015276145711	13.537015276145711	atc_test	/home/vol/src/plu/egs/atc/exp/20260614_101922_atc_subsample_25pct_lr8_validation/lr7e-6_b10_b20p9999_clip1_frz8	/home/vol/src/plu/egs/atc/exp/20260614_101922_atc_subsample_25pct_lr8_atc_test/lr7e-6_b10_b20p9999_clip1_frz8.atc_test
ATC 25% train -> ATC test	lr1e-5_b10_b20p9999_clip1_frz8	1e-05	13.019976498237368	13.019976498237368	atc_test	/home/vol/src/plu/egs/atc/exp/20260614_101922_atc_subsample_25pct_lr8_validation/lr1e-5_b10_b20p9999_clip1_frz8	/home/vol/src/plu/egs/atc/exp/20260614_101922_atc_subsample_25pct_lr8_atc_test/lr1e-5_b10_b20p9999_clip1_frz8.atc_test
ATC 25% train -> ATC test	lr1p2e-5_b10_b20p9999_clip1_frz8	1.2e-05	13.513513513513514	13.513513513513514	atc_test	/home/vol/src/plu/egs/atc/exp/20260614_101922_atc_subsample_25pct_lr8_validation/lr1p2e-5_b10_b20p9999_clip1_frz8	/home/vol/src/plu/egs/atc/exp/20260614_101922_atc_subsample_25pct_lr8_atc_test/lr1p2e-5_b10_b20p9999_clip1_frz8.atc_test
ATC 25% train -> ATC test	lr1p5e-5_b10_b20p9999_clip1_frz8	1.5e-05	13.52526439482961	13.52526439482961	atc_test	/home/vol/src/plu/egs/atc/exp/20260614_101922_atc_subsample_25pct_lr8_validation/lr1p5e-5_b10_b20p9999_clip1_frz8	/home/vol/src/plu/egs/atc/exp/20260614_101922_atc_subsample_25pct_lr8_atc_test/lr1p5e-5_b10_b20p9999_clip1_frz8.atc_test
ATC 25% train -> ATC test	lr2e-5_b10_b20p9999_clip1_frz8	2e-05	13.748531139835487	13.748531139835487	atc_test	/home/vol/src/plu/egs/atc/exp/20260614_101922_atc_subsample_25pct_lr8_validation/lr2e-5_b10_b20p9999_clip1_frz8	/home/vol/src/plu/egs/atc/exp/20260614_101922_atc_subsample_25pct_lr8_atc_test/lr2e-5_b10_b20p9999_clip1_frz8.atc_test
ATC 25% train -> ATC test	lr3e-5_b10_b20p9999_clip1_frz8	3e-05	17.72032902467685	17.72032902467685	atc_test	/home/vol/src/plu/egs/atc/exp/20260614_101922_atc_subsample_25pct_lr8_validation/lr3e-5_b10_b20p9999_clip1_frz8	/home/vol/src/plu/egs/atc/exp/20260614_101922_atc_subsample_25pct_lr8_atc_test/lr3e-5_b10_b20p9999_clip1_frz8.atc_test
ATC 25% train -> ATC val	lr3e-6_b10_b20p9999_clip1_frz8	3e-06	20.740564352899156	20.740564352899156	atc_validation	/home/vol/src/plu/egs/atc/exp/20260614_101922_atc_subsample_25pct_lr8_validation/lr3e-6_b10_b20p9999_clip1_frz8	/home/vol/src/plu/egs/atc/exp/20260614_101922_atc_subsample_25pct_lr8_validation/lr3e-6_b10_b20p9999_clip1_frz8.atc_validation
ATC 25% train -> ATC val	lr5e-6_b10_b20p9999_clip1_frz8	5e-06	16.120966781759734	16.120966781759734	atc_validation	/home/vol/src/plu/egs/atc/exp/20260614_101922_atc_subsample_25pct_lr8_validation/lr5e-6_b10_b20p9999_clip1_frz8	/home/vol/src/plu/egs/atc/exp/20260614_101922_atc_subsample_25pct_lr8_validation/lr5e-6_b10_b20p9999_clip1_frz8.atc_validation
ATC 25% train -> ATC val	lr7e-6_b10_b20p9999_clip1_frz8	7e-06	14.442195499464223	14.442195499464223	atc_validation	/home/vol/src/plu/egs/atc/exp/20260614_101922_atc_subsample_25pct_lr8_validation/lr7e-6_b10_b20p9999_clip1_frz8	/home/vol/src/plu/egs/atc/exp/20260614_101922_atc_subsample_25pct_lr8_validation/lr7e-6_b10_b20p9999_clip1_frz8.atc_validation
ATC 25% train -> ATC val	lr1e-5_b10_b20p9999_clip1_frz8	1e-05	14.275508989165377	14.275508989165377	atc_validation	/home/vol/src/plu/egs/atc/exp/20260614_101922_atc_subsample_25pct_lr8_validation/lr1e-5_b10_b20p9999_clip1_frz8	/home/vol/src/plu/egs/atc/exp/20260614_101922_atc_subsample_25pct_lr8_validation/lr1e-5_b10_b20p9999_clip1_frz8.atc_validation
ATC 25% train -> ATC val	lr1p2e-5_b10_b20p9999_clip1_frz8	1.2e-05	14.204071913323016	14.204071913323016	atc_validation	/home/vol/src/plu/egs/atc/exp/20260614_101922_atc_subsample_25pct_lr8_validation/lr1p2e-5_b10_b20p9999_clip1_frz8	/home/vol/src/plu/egs/atc/exp/20260614_101922_atc_subsample_25pct_lr8_validation/lr1p2e-5_b10_b20p9999_clip1_frz8.atc_validation
ATC 25% train -> ATC val	lr1p5e-5_b10_b20p9999_clip1_frz8	1.5e-05	13.799261816882963	13.799261816882963	atc_validation	/home/vol/src/plu/egs/atc/exp/20260614_101922_atc_subsample_25pct_lr8_validation/lr1p5e-5_b10_b20p9999_clip1_frz8	/home/vol/src/plu/egs/atc/exp/20260614_101922_atc_subsample_25pct_lr8_validation/lr1p5e-5_b10_b20p9999_clip1_frz8.atc_validation
ATC 25% train -> ATC val	lr2e-5_b10_b20p9999_clip1_frz8	2e-05	14.585069651148947	14.585069651148947	atc_validation	/home/vol/src/plu/egs/atc/exp/20260614_101922_atc_subsample_25pct_lr8_validation/lr2e-5_b10_b20p9999_clip1_frz8	/home/vol/src/plu/egs/atc/exp/20260614_101922_atc_subsample_25pct_lr8_validation/lr2e-5_b10_b20p9999_clip1_frz8.atc_validation
ATC 25% train -> ATC val	lr3e-5_b10_b20p9999_clip1_frz8	3e-05	18.907012739611858	18.907012739611858	atc_validation	/home/vol/src/plu/egs/atc/exp/20260614_101922_atc_subsample_25pct_lr8_validation/lr3e-5_b10_b20p9999_clip1_frz8	/home/vol/src/plu/egs/atc/exp/20260614_101922_atc_subsample_25pct_lr8_validation/lr3e-5_b10_b20p9999_clip1_frz8.atc_validation
ATC 25% train -> ATCOSIM test	lr3e-6_b10_b20p9999_clip1_frz8	3e-06	19.43291228690045	19.43291228690045	atcosim_test	/home/vol/src/plu/egs/atc/exp/20260614_101922_atc_subsample_25pct_lr8_validation/lr3e-6_b10_b20p9999_clip1_frz8	/home/vol/src/plu/egs/atc/exp/20260614_101922_atc_subsample_25pct_lr8_atcosim_test/lr3e-6_b10_b20p9999_clip1_frz8.atcosim_test
ATC 25% train -> ATCOSIM test	lr5e-6_b10_b20p9999_clip1_frz8	5e-06	18.346435827223743	18.346435827223743	atcosim_test	/home/vol/src/plu/egs/atc/exp/20260614_101922_atc_subsample_25pct_lr8_validation/lr5e-6_b10_b20p9999_clip1_frz8	/home/vol/src/plu/egs/atc/exp/20260614_101922_atc_subsample_25pct_lr8_atcosim_test/lr5e-6_b10_b20p9999_clip1_frz8.atcosim_test
ATC 25% train -> ATCOSIM test	lr7e-6_b10_b20p9999_clip1_frz8	7e-06	18.266937549686425	18.266937549686425	atcosim_test	/home/vol/src/plu/egs/atc/exp/20260614_101922_atc_subsample_25pct_lr8_validation/lr7e-6_b10_b20p9999_clip1_frz8	/home/vol/src/plu/egs/atc/exp/20260614_101922_atc_subsample_25pct_lr8_atcosim_test/lr7e-6_b10_b20p9999_clip1_frz8.atcosim_test
ATC 25% train -> ATCOSIM test	lr1e-5_b10_b20p9999_clip1_frz8	1e-05	18.673262079321614	18.673262079321614	atcosim_test	/home/vol/src/plu/egs/atc/exp/20260614_101922_atc_subsample_25pct_lr8_validation/lr1e-5_b10_b20p9999_clip1_frz8	/home/vol/src/plu/egs/atc/exp/20260614_101922_atc_subsample_25pct_lr8_atcosim_test/lr1e-5_b10_b20p9999_clip1_frz8.atcosim_test
ATC 25% train -> ATCOSIM test	lr1p2e-5_b10_b20p9999_clip1_frz8	1.2e-05	19.061920325059624	19.061920325059624	atcosim_test	/home/vol/src/plu/egs/atc/exp/20260614_101922_atc_subsample_25pct_lr8_validation/lr1p2e-5_b10_b20p9999_clip1_frz8	/home/vol/src/plu/egs/atc/exp/20260614_101922_atc_subsample_25pct_lr8_atcosim_test/lr1p2e-5_b10_b20p9999_clip1_frz8.atcosim_test
ATC 25% train -> ATCOSIM test	lr1p5e-5_b10_b20p9999_clip1_frz8	1.5e-05	20.38689161734829	20.38689161734829	atcosim_test	/home/vol/src/plu/egs/atc/exp/20260614_101922_atc_subsample_25pct_lr8_validation/lr1p5e-5_b10_b20p9999_clip1_frz8	/home/vol/src/plu/egs/atc/exp/20260614_101922_atc_subsample_25pct_lr8_atcosim_test/lr1p5e-5_b10_b20p9999_clip1_frz8.atcosim_test
ATC 25% train -> ATCOSIM test	lr2e-5_b10_b20p9999_clip1_frz8	2e-05	23.23116332479463	23.23116332479463	atcosim_test	/home/vol/src/plu/egs/atc/exp/20260614_101922_atc_subsample_25pct_lr8_validation/lr2e-5_b10_b20p9999_clip1_frz8	/home/vol/src/plu/egs/atc/exp/20260614_101922_atc_subsample_25pct_lr8_atcosim_test/lr2e-5_b10_b20p9999_clip1_frz8.atcosim_test
ATC 25% train -> ATCOSIM test	lr3e-5_b10_b20p9999_clip1_frz8	3e-05	28.411801077643318	28.411801077643318	atcosim_test	/home/vol/src/plu/egs/atc/exp/20260614_101922_atc_subsample_25pct_lr8_validation/lr3e-5_b10_b20p9999_clip1_frz8	/home/vol/src/plu/egs/atc/exp/20260614_101922_atc_subsample_25pct_lr8_atcosim_test/lr3e-5_b10_b20p9999_clip1_frz8.atcosim_test
ATC 50% train -> ATC test	lr3e-6_b10_b20p9999_clip1_frz8	3e-06	16.063454759106932	16.063454759106932	atc_test	/home/vol/src/plu/egs/atc/exp/20260614_101922_atc_subsample_50pct_lr8_validation/lr3e-6_b10_b20p9999_clip1_frz8	/home/vol/src/plu/egs/atc/exp/20260614_101922_atc_subsample_50pct_lr8_atc_test/lr3e-6_b10_b20p9999_clip1_frz8.atc_test
ATC 50% train -> ATC test	lr5e-6_b10_b20p9999_clip1_frz8	5e-06	11.386603995299648	11.386603995299648	atc_test	/home/vol/src/plu/egs/atc/exp/20260614_101922_atc_subsample_50pct_lr8_validation/lr5e-6_b10_b20p9999_clip1_frz8	/home/vol/src/plu/egs/atc/exp/20260614_101922_atc_subsample_50pct_lr8_atc_test/lr5e-6_b10_b20p9999_clip1_frz8.atc_test
ATC 50% train -> ATC test	lr7e-6_b10_b20p9999_clip1_frz8	7e-06	10.716803760282021	10.716803760282021	atc_test	/home/vol/src/plu/egs/atc/exp/20260614_101922_atc_subsample_50pct_lr8_validation/lr7e-6_b10_b20p9999_clip1_frz8	/home/vol/src/plu/egs/atc/exp/20260614_101922_atc_subsample_50pct_lr8_atc_test/lr7e-6_b10_b20p9999_clip1_frz8.atc_test
ATC 50% train -> ATC test	lr1e-5_b10_b20p9999_clip1_frz8	1e-05	10.246768507638073	10.246768507638073	atc_test	/home/vol/src/plu/egs/atc/exp/20260614_101922_atc_subsample_50pct_lr8_validation/lr1e-5_b10_b20p9999_clip1_frz8	/home/vol/src/plu/egs/atc/exp/20260614_101922_atc_subsample_50pct_lr8_atc_test/lr1e-5_b10_b20p9999_clip1_frz8.atc_test
ATC 50% train -> ATC test	lr1p2e-5_b10_b20p9999_clip1_frz8	1.2e-05	10.352526439482961	10.352526439482961	atc_test	/home/vol/src/plu/egs/atc/exp/20260614_101922_atc_subsample_50pct_lr8_validation/lr1p2e-5_b10_b20p9999_clip1_frz8	/home/vol/src/plu/egs/atc/exp/20260614_101922_atc_subsample_50pct_lr8_atc_test/lr1p2e-5_b10_b20p9999_clip1_frz8.atc_test
ATC 50% train -> ATC test	lr1p5e-5_b10_b20p9999_clip1_frz8	1.5e-05	10.528789659224442	10.528789659224442	atc_test	/home/vol/src/plu/egs/atc/exp/20260614_101922_atc_subsample_50pct_lr8_validation/lr1p5e-5_b10_b20p9999_clip1_frz8	/home/vol/src/plu/egs/atc/exp/20260614_101922_atc_subsample_50pct_lr8_atc_test/lr1p5e-5_b10_b20p9999_clip1_frz8.atc_test
ATC 50% train -> ATC test	lr2e-5_b10_b20p9999_clip1_frz8	2e-05	11.774383078730905	11.774383078730905	atc_test	/home/vol/src/plu/egs/atc/exp/20260614_101922_atc_subsample_50pct_lr8_validation/lr2e-5_b10_b20p9999_clip1_frz8	/home/vol/src/plu/egs/atc/exp/20260614_101922_atc_subsample_50pct_lr8_atc_test/lr2e-5_b10_b20p9999_clip1_frz8.atc_test
ATC 50% train -> ATC test	lr3e-5_b10_b20p9999_clip1_frz8	3e-05	15.464159811985901	15.464159811985901	atc_test	/home/vol/src/plu/egs/atc/exp/20260614_101922_atc_subsample_50pct_lr8_validation/lr3e-5_b10_b20p9999_clip1_frz8	/home/vol/src/plu/egs/atc/exp/20260614_101922_atc_subsample_50pct_lr8_atc_test/lr3e-5_b10_b20p9999_clip1_frz8.atc_test
ATC 50% train -> ATC val	lr3e-6_b10_b20p9999_clip1_frz8	3e-06	15.882843195618527	15.882843195618527	atc_validation	/home/vol/src/plu/egs/atc/exp/20260614_101922_atc_subsample_50pct_lr8_validation/lr3e-6_b10_b20p9999_clip1_frz8	/home/vol/src/plu/egs/atc/exp/20260614_101922_atc_subsample_50pct_lr8_validation/lr3e-6_b10_b20p9999_clip1_frz8.atc_validation
ATC 50% train -> ATC val	lr5e-6_b10_b20p9999_clip1_frz8	5e-06	12.049053458745089	12.049053458745089	atc_validation	/home/vol/src/plu/egs/atc/exp/20260614_101922_atc_subsample_50pct_lr8_validation/lr5e-6_b10_b20p9999_clip1_frz8	/home/vol/src/plu/egs/atc/exp/20260614_101922_atc_subsample_50pct_lr8_validation/lr5e-6_b10_b20p9999_clip1_frz8.atc_validation
ATC 50% train -> ATC val	lr7e-6_b10_b20p9999_clip1_frz8	7e-06	11.203714727943803	11.203714727943803	atc_validation	/home/vol/src/plu/egs/atc/exp/20260614_101922_atc_subsample_50pct_lr8_validation/lr7e-6_b10_b20p9999_clip1_frz8	/home/vol/src/plu/egs/atc/exp/20260614_101922_atc_subsample_50pct_lr8_validation/lr7e-6_b10_b20p9999_clip1_frz8.atc_validation
ATC 50% train -> ATC val	lr1e-5_b10_b20p9999_clip1_frz8	1e-05	10.46553161090606	10.46553161090606	atc_validation	/home/vol/src/plu/egs/atc/exp/20260614_101922_atc_subsample_50pct_lr8_validation/lr1e-5_b10_b20p9999_clip1_frz8	/home/vol/src/plu/egs/atc/exp/20260614_101922_atc_subsample_50pct_lr8_validation/lr1e-5_b10_b20p9999_clip1_frz8.atc_validation
ATC 50% train -> ATC val	lr1p2e-5_b10_b20p9999_clip1_frz8	1.2e-05	10.358375997142517	10.358375997142517	atc_validation	/home/vol/src/plu/egs/atc/exp/20260614_101922_atc_subsample_50pct_lr8_validation/lr1p2e-5_b10_b20p9999_clip1_frz8	/home/vol/src/plu/egs/atc/exp/20260614_101922_atc_subsample_50pct_lr8_validation/lr1p2e-5_b10_b20p9999_clip1_frz8.atc_validation
ATC 50% train -> ATC val	lr1p5e-5_b10_b20p9999_clip1_frz8	1.5e-05	9.655911418025957	9.655911418025957	atc_validation	/home/vol/src/plu/egs/atc/exp/20260614_101922_atc_subsample_50pct_lr8_validation/lr1p5e-5_b10_b20p9999_clip1_frz8	/home/vol/src/plu/egs/atc/exp/20260614_101922_atc_subsample_50pct_lr8_validation/lr1p5e-5_b10_b20p9999_clip1_frz8.atc_validation
ATC 50% train -> ATC val	lr2e-5_b10_b20p9999_clip1_frz8	2e-05	11.227527086557924	11.227527086557924	atc_validation	/home/vol/src/plu/egs/atc/exp/20260614_101922_atc_subsample_50pct_lr8_validation/lr2e-5_b10_b20p9999_clip1_frz8	/home/vol/src/plu/egs/atc/exp/20260614_101922_atc_subsample_50pct_lr8_validation/lr2e-5_b10_b20p9999_clip1_frz8.atc_validation
ATC 50% train -> ATC val	lr3e-5_b10_b20p9999_clip1_frz8	3e-05	15.870937016311466	15.870937016311466	atc_validation	/home/vol/src/plu/egs/atc/exp/20260614_101922_atc_subsample_50pct_lr8_validation/lr3e-5_b10_b20p9999_clip1_frz8	/home/vol/src/plu/egs/atc/exp/20260614_101922_atc_subsample_50pct_lr8_validation/lr3e-5_b10_b20p9999_clip1_frz8.atc_validation
ATC 50% train -> ATCOSIM test	lr3e-6_b10_b20p9999_clip1_frz8	3e-06	18.571680946912817	18.571680946912817	atcosim_test	/home/vol/src/plu/egs/atc/exp/20260614_101922_atc_subsample_50pct_lr8_validation/lr3e-6_b10_b20p9999_clip1_frz8	/home/vol/src/plu/egs/atc/exp/20260614_101922_atc_subsample_50pct_lr8_atcosim_test/lr3e-6_b10_b20p9999_clip1_frz8.atcosim_test
ATC 50% train -> ATCOSIM test	lr5e-6_b10_b20p9999_clip1_frz8	5e-06	17.798781026411095	17.798781026411095	atcosim_test	/home/vol/src/plu/egs/atc/exp/20260614_101922_atc_subsample_50pct_lr8_validation/lr5e-6_b10_b20p9999_clip1_frz8	/home/vol/src/plu/egs/atc/exp/20260614_101922_atc_subsample_50pct_lr8_atcosim_test/lr5e-6_b10_b20p9999_clip1_frz8.atcosim_test
ATC 50% train -> ATCOSIM test	lr7e-6_b10_b20p9999_clip1_frz8	7e-06	17.92244501369137	17.92244501369137	atcosim_test	/home/vol/src/plu/egs/atc/exp/20260614_101922_atc_subsample_50pct_lr8_validation/lr7e-6_b10_b20p9999_clip1_frz8	/home/vol/src/plu/egs/atc/exp/20260614_101922_atc_subsample_50pct_lr8_atcosim_test/lr7e-6_b10_b20p9999_clip1_frz8.atcosim_test
ATC 50% train -> ATCOSIM test	lr1e-5_b10_b20p9999_clip1_frz8	1e-05	18.143273562406147	18.143273562406147	atcosim_test	/home/vol/src/plu/egs/atc/exp/20260614_101922_atc_subsample_50pct_lr8_validation/lr1e-5_b10_b20p9999_clip1_frz8	/home/vol/src/plu/egs/atc/exp/20260614_101922_atc_subsample_50pct_lr8_atcosim_test/lr1e-5_b10_b20p9999_clip1_frz8.atcosim_test
ATC 50% train -> ATCOSIM test	lr1p2e-5_b10_b20p9999_clip1_frz8	1.2e-05	18.770426640756117	18.770426640756117	atcosim_test	/home/vol/src/plu/egs/atc/exp/20260614_101922_atc_subsample_50pct_lr8_validation/lr1p2e-5_b10_b20p9999_clip1_frz8	/home/vol/src/plu/egs/atc/exp/20260614_101922_atc_subsample_50pct_lr8_atcosim_test/lr1p2e-5_b10_b20p9999_clip1_frz8.atcosim_test
ATC 50% train -> ATCOSIM test	lr1p5e-5_b10_b20p9999_clip1_frz8	1.5e-05	20.35597562052822	20.35597562052822	atcosim_test	/home/vol/src/plu/egs/atc/exp/20260614_101922_atc_subsample_50pct_lr8_validation/lr1p5e-5_b10_b20p9999_clip1_frz8	/home/vol/src/plu/egs/atc/exp/20260614_101922_atc_subsample_50pct_lr8_atcosim_test/lr1p5e-5_b10_b20p9999_clip1_frz8.atcosim_test
ATC 50% train -> ATCOSIM test	lr2e-5_b10_b20p9999_clip1_frz8	2e-05	21.075876689338397	21.075876689338397	atcosim_test	/home/vol/src/plu/egs/atc/exp/20260614_101922_atc_subsample_50pct_lr8_validation/lr2e-5_b10_b20p9999_clip1_frz8	/home/vol/src/plu/egs/atc/exp/20260614_101922_atc_subsample_50pct_lr8_atcosim_test/lr2e-5_b10_b20p9999_clip1_frz8.atcosim_test
ATC 50% train -> ATCOSIM test	lr3e-5_b10_b20p9999_clip1_frz8	3e-05	27.510820598887026	27.510820598887026	atcosim_test	/home/vol/src/plu/egs/atc/exp/20260614_101922_atc_subsample_50pct_lr8_validation/lr3e-5_b10_b20p9999_clip1_frz8	/home/vol/src/plu/egs/atc/exp/20260614_101922_atc_subsample_50pct_lr8_atcosim_test/lr3e-5_b10_b20p9999_clip1_frz8.atcosim_test
ATC 75% train -> ATC test	lr3e-6_b10_b20p9999_clip1_frz8	3e-06	13.360752056404229	13.360752056404229	atc_test	/home/vol/src/plu/egs/atc/exp/20260614_101922_atc_subsample_75pct_lr8_validation/lr3e-6_b10_b20p9999_clip1_frz8	/home/vol/src/plu/egs/atc/exp/20260614_101922_atc_subsample_75pct_lr8_atc_test/lr3e-6_b10_b20p9999_clip1_frz8.atc_test
ATC 75% train -> ATC test	lr5e-6_b10_b20p9999_clip1_frz8	5e-06	10.423031727379554	10.423031727379554	atc_test	/home/vol/src/plu/egs/atc/exp/20260614_101922_atc_subsample_75pct_lr8_validation/lr5e-6_b10_b20p9999_clip1_frz8	/home/vol/src/plu/egs/atc/exp/20260614_101922_atc_subsample_75pct_lr8_atc_test/lr5e-6_b10_b20p9999_clip1_frz8.atc_test
ATC 75% train -> ATC test	lr7e-6_b10_b20p9999_clip1_frz8	7e-06	8.91891891891892	8.91891891891892	atc_test	/home/vol/src/plu/egs/atc/exp/20260614_101922_atc_subsample_75pct_lr8_validation/lr7e-6_b10_b20p9999_clip1_frz8	/home/vol/src/plu/egs/atc/exp/20260614_101922_atc_subsample_75pct_lr8_atc_test/lr7e-6_b10_b20p9999_clip1_frz8.atc_test
ATC 75% train -> ATC test	lr1e-5_b10_b20p9999_clip1_frz8	1e-05	8.437132784958871	8.437132784958871	atc_test	/home/vol/src/plu/egs/atc/exp/20260614_101922_atc_subsample_75pct_lr8_validation/lr1e-5_b10_b20p9999_clip1_frz8	/home/vol/src/plu/egs/atc/exp/20260614_101922_atc_subsample_75pct_lr8_atc_test/lr1e-5_b10_b20p9999_clip1_frz8.atc_test
ATC 75% train -> ATC test	lr1p2e-5_b10_b20p9999_clip1_frz8	1.2e-05	8.319623971797885	8.319623971797885	atc_test	/home/vol/src/plu/egs/atc/exp/20260614_101922_atc_subsample_75pct_lr8_validation/lr1p2e-5_b10_b20p9999_clip1_frz8	/home/vol/src/plu/egs/atc/exp/20260614_101922_atc_subsample_75pct_lr8_atc_test/lr1p2e-5_b10_b20p9999_clip1_frz8.atc_test
ATC 75% train -> ATC test	lr1p5e-5_b10_b20p9999_clip1_frz8	1.5e-05	9.236192714453583	9.236192714453583	atc_test	/home/vol/src/plu/egs/atc/exp/20260614_101922_atc_subsample_75pct_lr8_validation/lr1p5e-5_b10_b20p9999_clip1_frz8	/home/vol/src/plu/egs/atc/exp/20260614_101922_atc_subsample_75pct_lr8_atc_test/lr1p5e-5_b10_b20p9999_clip1_frz8.atc_test
ATC 75% train -> ATC test	lr2e-5_b10_b20p9999_clip1_frz8	2e-05	11.081081081081082	11.081081081081082	atc_test	/home/vol/src/plu/egs/atc/exp/20260614_101922_atc_subsample_75pct_lr8_validation/lr2e-5_b10_b20p9999_clip1_frz8	/home/vol/src/plu/egs/atc/exp/20260614_101922_atc_subsample_75pct_lr8_atc_test/lr2e-5_b10_b20p9999_clip1_frz8.atc_test
ATC 75% train -> ATC test	lr3e-5_b10_b20p9999_clip1_frz8	3e-05	13.807285546415981	13.807285546415981	atc_test	/home/vol/src/plu/egs/atc/exp/20260614_101922_atc_subsample_75pct_lr8_validation/lr3e-5_b10_b20p9999_clip1_frz8	/home/vol/src/plu/egs/atc/exp/20260614_101922_atc_subsample_75pct_lr8_atc_test/lr3e-5_b10_b20p9999_clip1_frz8.atc_test
ATC 75% train -> ATC val	lr3e-6_b10_b20p9999_clip1_frz8	3e-06	13.537325872127633	13.537325872127633	atc_validation	/home/vol/src/plu/egs/atc/exp/20260614_101922_atc_subsample_75pct_lr8_validation/lr3e-6_b10_b20p9999_clip1_frz8	/home/vol/src/plu/egs/atc/exp/20260614_101922_atc_subsample_75pct_lr8_validation/lr3e-6_b10_b20p9999_clip1_frz8.atc_validation
ATC 75% train -> ATC val	lr5e-6_b10_b20p9999_clip1_frz8	5e-06	11.048934396952017	11.048934396952017	atc_validation	/home/vol/src/plu/egs/atc/exp/20260614_101922_atc_subsample_75pct_lr8_validation/lr5e-6_b10_b20p9999_clip1_frz8	/home/vol/src/plu/egs/atc/exp/20260614_101922_atc_subsample_75pct_lr8_validation/lr5e-6_b10_b20p9999_clip1_frz8.atc_validation
ATC 75% train -> ATC val	lr7e-6_b10_b20p9999_clip1_frz8	7e-06	10.382188355756638	10.382188355756638	atc_validation	/home/vol/src/plu/egs/atc/exp/20260614_101922_atc_subsample_75pct_lr8_validation/lr7e-6_b10_b20p9999_clip1_frz8	/home/vol/src/plu/egs/atc/exp/20260614_101922_atc_subsample_75pct_lr8_validation/lr7e-6_b10_b20p9999_clip1_frz8.atc_validation
ATC 75% train -> ATC val	lr1e-5_b10_b20p9999_clip1_frz8	1e-05	8.572449101083462	8.572449101083462	atc_validation	/home/vol/src/plu/egs/atc/exp/20260614_101922_atc_subsample_75pct_lr8_validation/lr1e-5_b10_b20p9999_clip1_frz8	/home/vol/src/plu/egs/atc/exp/20260614_101922_atc_subsample_75pct_lr8_validation/lr1e-5_b10_b20p9999_clip1_frz8.atc_validation
ATC 75% train -> ATC val	lr1p2e-5_b10_b20p9999_clip1_frz8	1.2e-05	9.191570425050601	9.191570425050601	atc_validation	/home/vol/src/plu/egs/atc/exp/20260614_101922_atc_subsample_75pct_lr8_validation/lr1p2e-5_b10_b20p9999_clip1_frz8	/home/vol/src/plu/egs/atc/exp/20260614_101922_atc_subsample_75pct_lr8_validation/lr1p2e-5_b10_b20p9999_clip1_frz8.atc_validation
ATC 75% train -> ATC val	lr1p5e-5_b10_b20p9999_clip1_frz8	1.5e-05	9.048696273365877	9.048696273365877	atc_validation	/home/vol/src/plu/egs/atc/exp/20260614_101922_atc_subsample_75pct_lr8_validation/lr1p5e-5_b10_b20p9999_clip1_frz8	/home/vol/src/plu/egs/atc/exp/20260614_101922_atc_subsample_75pct_lr8_validation/lr1p5e-5_b10_b20p9999_clip1_frz8.atc_validation
ATC 75% train -> ATC val	lr2e-5_b10_b20p9999_clip1_frz8	2e-05	11.310870341707346	11.310870341707346	atc_validation	/home/vol/src/plu/egs/atc/exp/20260614_101922_atc_subsample_75pct_lr8_validation/lr2e-5_b10_b20p9999_clip1_frz8	/home/vol/src/plu/egs/atc/exp/20260614_101922_atc_subsample_75pct_lr8_validation/lr2e-5_b10_b20p9999_clip1_frz8.atc_validation
ATC 75% train -> ATC val	lr3e-5_b10_b20p9999_clip1_frz8	3e-05	13.168234313608762	13.168234313608762	atc_validation	/home/vol/src/plu/egs/atc/exp/20260614_101922_atc_subsample_75pct_lr8_validation/lr3e-5_b10_b20p9999_clip1_frz8	/home/vol/src/plu/egs/atc/exp/20260614_101922_atc_subsample_75pct_lr8_validation/lr3e-5_b10_b20p9999_clip1_frz8.atc_validation
ATC 75% train -> ATCOSIM test	lr3e-6_b10_b20p9999_clip1_frz8	3e-06	17.76344845861673	17.76344845861673	atcosim_test	/home/vol/src/plu/egs/atc/exp/20260614_101922_atc_subsample_75pct_lr8_validation/lr3e-6_b10_b20p9999_clip1_frz8	/home/vol/src/plu/egs/atc/exp/20260614_101922_atc_subsample_75pct_lr8_atcosim_test/lr3e-6_b10_b20p9999_clip1_frz8.atcosim_test
ATC 75% train -> ATCOSIM test	lr5e-6_b10_b20p9999_clip1_frz8	5e-06	16.9993816800636	16.9993816800636	atcosim_test	/home/vol/src/plu/egs/atc/exp/20260614_101922_atc_subsample_75pct_lr8_validation/lr5e-6_b10_b20p9999_clip1_frz8	/home/vol/src/plu/egs/atc/exp/20260614_101922_atc_subsample_75pct_lr8_atcosim_test/lr5e-6_b10_b20p9999_clip1_frz8.atcosim_test
ATC 75% train -> ATCOSIM test	lr7e-6_b10_b20p9999_clip1_frz8	7e-06	17.679533610105114	17.679533610105114	atcosim_test	/home/vol/src/plu/egs/atc/exp/20260614_101922_atc_subsample_75pct_lr8_validation/lr7e-6_b10_b20p9999_clip1_frz8	/home/vol/src/plu/egs/atc/exp/20260614_101922_atc_subsample_75pct_lr8_atcosim_test/lr7e-6_b10_b20p9999_clip1_frz8.atcosim_test
ATC 75% train -> ATCOSIM test	lr1e-5_b10_b20p9999_clip1_frz8	1e-05	18.584930659835702	18.584930659835702	atcosim_test	/home/vol/src/plu/egs/atc/exp/20260614_101922_atc_subsample_75pct_lr8_validation/lr1e-5_b10_b20p9999_clip1_frz8	/home/vol/src/plu/egs/atc/exp/20260614_101922_atc_subsample_75pct_lr8_atcosim_test/lr1e-5_b10_b20p9999_clip1_frz8.atcosim_test
ATC 75% train -> ATCOSIM test	lr1p2e-5_b10_b20p9999_clip1_frz8	1.2e-05	18.942672908753643	18.942672908753643	atcosim_test	/home/vol/src/plu/egs/atc/exp/20260614_101922_atc_subsample_75pct_lr8_validation/lr1p2e-5_b10_b20p9999_clip1_frz8	/home/vol/src/plu/egs/atc/exp/20260614_101922_atc_subsample_75pct_lr8_atcosim_test/lr1p2e-5_b10_b20p9999_clip1_frz8.atcosim_test
ATC 75% train -> ATCOSIM test	lr1p5e-5_b10_b20p9999_clip1_frz8	1.5e-05	18.978005476548006	18.978005476548006	atcosim_test	/home/vol/src/plu/egs/atc/exp/20260614_101922_atc_subsample_75pct_lr8_validation/lr1p5e-5_b10_b20p9999_clip1_frz8	/home/vol/src/plu/egs/atc/exp/20260614_101922_atc_subsample_75pct_lr8_atcosim_test/lr1p5e-5_b10_b20p9999_clip1_frz8.atcosim_test
ATC 75% train -> ATCOSIM test	lr2e-5_b10_b20p9999_clip1_frz8	2e-05	23.6595707093013	23.6595707093013	atcosim_test	/home/vol/src/plu/egs/atc/exp/20260614_101922_atc_subsample_75pct_lr8_validation/lr2e-5_b10_b20p9999_clip1_frz8	/home/vol/src/plu/egs/atc/exp/20260614_101922_atc_subsample_75pct_lr8_atcosim_test/lr2e-5_b10_b20p9999_clip1_frz8.atcosim_test
ATC 75% train -> ATCOSIM test	lr3e-5_b10_b20p9999_clip1_frz8	3e-05	26.442010423107497	26.442010423107497	atcosim_test	/home/vol/src/plu/egs/atc/exp/20260614_101922_atc_subsample_75pct_lr8_validation/lr3e-5_b10_b20p9999_clip1_frz8	/home/vol/src/plu/egs/atc/exp/20260614_101922_atc_subsample_75pct_lr8_atcosim_test/lr3e-5_b10_b20p9999_clip1_frz8.atcosim_test
ATC aug4 train -> ATC test	lr1e-7_b10_b20p9999_clip1_frz8	1e-07	72.47943595769682	72.47943595769682	atc_test	/home/vol/src/plu/egs/atc/exp/20260613_000915_atc_aug4_lr15_validation/lr1e-7_b10_b20p9999_clip1_frz8	/home/vol/src/plu/egs/atc/exp/20260613_000915_atc_aug4_lr15_atc_test/lr1e-7_b10_b20p9999_clip1_frz8.atc_test
ATC aug4 train -> ATC test	lr2e-7_b10_b20p9999_clip1_frz8	2e-07	60.59929494712103	60.59929494712103	atc_test	/home/vol/src/plu/egs/atc/exp/20260613_000915_atc_aug4_lr15_validation/lr2e-7_b10_b20p9999_clip1_frz8	/home/vol/src/plu/egs/atc/exp/20260613_000915_atc_aug4_lr15_atc_test/lr2e-7_b10_b20p9999_clip1_frz8.atc_test
ATC aug4 train -> ATC test	lr3e-7_b10_b20p9999_clip1_frz8	3e-07	43.31374853113984	43.31374853113984	atc_test	/home/vol/src/plu/egs/atc/exp/20260613_000915_atc_aug4_lr15_validation/lr3e-7_b10_b20p9999_clip1_frz8	/home/vol/src/plu/egs/atc/exp/20260613_000915_atc_aug4_lr15_atc_test/lr3e-7_b10_b20p9999_clip1_frz8.atc_test
ATC aug4 train -> ATC test	lr5e-7_b10_b20p9999_clip1_frz8	5e-07	26.956521739130434	26.956521739130434	atc_test	/home/vol/src/plu/egs/atc/exp/20260613_000915_atc_aug4_lr15_validation/lr5e-7_b10_b20p9999_clip1_frz8	/home/vol/src/plu/egs/atc/exp/20260613_000915_atc_aug4_lr15_atc_test/lr5e-7_b10_b20p9999_clip1_frz8.atc_test
ATC aug4 train -> ATC test	lr7e-7_b10_b20p9999_clip1_frz8	7e-07	19.60047003525264	19.60047003525264	atc_test	/home/vol/src/plu/egs/atc/exp/20260613_000915_atc_aug4_lr15_validation/lr7e-7_b10_b20p9999_clip1_frz8	/home/vol/src/plu/egs/atc/exp/20260613_000915_atc_aug4_lr15_atc_test/lr7e-7_b10_b20p9999_clip1_frz8.atc_test
ATC aug4 train -> ATC test	lr1e-6_b10_b20p9999_clip1_frz8	1e-06	14.676850763807286	14.676850763807286	atc_test	/home/vol/src/plu/egs/atc/exp/20260613_000915_atc_aug4_lr15_validation/lr1e-6_b10_b20p9999_clip1_frz8	/home/vol/src/plu/egs/atc/exp/20260613_000915_atc_aug4_lr15_atc_test/lr1e-6_b10_b20p9999_clip1_frz8.atc_test
ATC aug4 train -> ATC test	lr1p5e-6_b10_b20p9999_clip1_frz8	1.5e-06	10.928319623971799	10.928319623971799	atc_test	/home/vol/src/plu/egs/atc/exp/20260613_000915_atc_aug4_lr15_validation/lr1p5e-6_b10_b20p9999_clip1_frz8	/home/vol/src/plu/egs/atc/exp/20260613_000915_atc_aug4_lr15_atc_test/lr1p5e-6_b10_b20p9999_clip1_frz8.atc_test
ATC aug4 train -> ATC test	lr2e-6_b10_b20p9999_clip1_frz8	2e-06	9.424206815511162	9.424206815511162	atc_test	/home/vol/src/plu/egs/atc/exp/20260613_000915_atc_aug4_lr15_validation/lr2e-6_b10_b20p9999_clip1_frz8	/home/vol/src/plu/egs/atc/exp/20260613_000915_atc_aug4_lr15_atc_test/lr2e-6_b10_b20p9999_clip1_frz8.atc_test
ATC aug4 train -> ATC test	lr3e-6_b10_b20p9999_clip1_frz8	3e-06	8.155111633372503	8.155111633372503	atc_test	/home/vol/src/plu/egs/atc/exp/20260613_000915_atc_aug4_lr15_validation/lr3e-6_b10_b20p9999_clip1_frz8	/home/vol/src/plu/egs/atc/exp/20260613_000915_atc_aug4_lr15_atc_test/lr3e-6_b10_b20p9999_clip1_frz8.atc_test
ATC aug4 train -> ATC test	lr4e-6_b10_b20p9999_clip1_frz8	4e-06	7.097532314923619	7.097532314923619	atc_test	/home/vol/src/plu/egs/atc/exp/20260613_000915_atc_aug4_lr15_validation/lr4e-6_b10_b20p9999_clip1_frz8	/home/vol/src/plu/egs/atc/exp/20260613_000915_atc_aug4_lr15_atc_test/lr4e-6_b10_b20p9999_clip1_frz8.atc_test
ATC aug4 train -> ATC test	lr5e-6_b10_b20p9999_clip1_frz8	5e-06	6.780258519388954	6.780258519388954	atc_test	/home/vol/src/plu/egs/atc/exp/20260613_000915_atc_aug4_lr15_validation/lr5e-6_b10_b20p9999_clip1_frz8	/home/vol/src/plu/egs/atc/exp/20260613_000915_atc_aug4_lr15_atc_test/lr5e-6_b10_b20p9999_clip1_frz8.atc_test
ATC aug4 train -> ATC test	lr7e-6_b10_b20p9999_clip1_frz8	7e-06	6.3572267920094	6.3572267920094	atc_test	/home/vol/src/plu/egs/atc/exp/20260613_000915_atc_aug4_lr15_validation/lr7e-6_b10_b20p9999_clip1_frz8	/home/vol/src/plu/egs/atc/exp/20260613_000915_atc_aug4_lr15_atc_test/lr7e-6_b10_b20p9999_clip1_frz8.atc_test
ATC aug4 train -> ATC test	lr1e-5_b10_b20p9999_clip1_frz8	1e-05	6.650998824911869	6.650998824911869	atc_test	/home/vol/src/plu/egs/atc/exp/20260613_000915_atc_aug4_lr15_validation/lr1e-5_b10_b20p9999_clip1_frz8	/home/vol/src/plu/egs/atc/exp/20260613_000915_atc_aug4_lr15_atc_test/lr1e-5_b10_b20p9999_clip1_frz8.atc_test
ATC aug4 train -> ATC test	lr1p2e-5_b10_b20p9999_clip1_frz8	1.2e-05	6.886016451233842	6.886016451233842	atc_test	/home/vol/src/plu/egs/atc/exp/20260614_070000_atc_aug4_lr1p2_validation/lr1p2e-5_b10_b20p9999_clip1_frz8	/home/vol/src/plu/egs/atc/exp/20260614_101922_atc_aug4_lr1p2_atc_test/lr1p2e-5_b10_b20p9999_clip1_frz8.atc_test
ATC aug4 train -> ATC test	lr1p5e-5_b10_b20p9999_clip1_frz8	1.5e-05	7.367802585193889	7.367802585193889	atc_test	/home/vol/src/plu/egs/atc/exp/20260613_000915_atc_aug4_lr15_validation/lr1p5e-5_b10_b20p9999_clip1_frz8	/home/vol/src/plu/egs/atc/exp/20260613_000915_atc_aug4_lr15_atc_test/lr1p5e-5_b10_b20p9999_clip1_frz8.atc_test
ATC aug4 train -> ATC test	lr2e-5_b10_b20p9999_clip1_frz8	2e-05	8.26086956521739	8.26086956521739	atc_test	/home/vol/src/plu/egs/atc/exp/20260613_000915_atc_aug4_lr15_validation/lr2e-5_b10_b20p9999_clip1_frz8	/home/vol/src/plu/egs/atc/exp/20260613_000915_atc_aug4_lr15_atc_test/lr2e-5_b10_b20p9999_clip1_frz8.atc_test
ATC aug4 train -> ATC val	lr1e-7_b10_b20p9999_clip1_frz8	1e-07	75.13989760685796	75.13989760685796	atc_validation	/home/vol/src/plu/egs/atc/exp/20260613_000915_atc_aug4_lr15_validation/lr1e-7_b10_b20p9999_clip1_frz8	/home/vol/src/plu/egs/atc/exp/20260613_000915_atc_aug4_lr15_validation/lr1e-7_b10_b20p9999_clip1_frz8.atc_validation
ATC aug4 train -> ATC val	lr2e-7_b10_b20p9999_clip1_frz8	2e-07	61.35254196928206	61.35254196928206	atc_validation	/home/vol/src/plu/egs/atc/exp/20260613_000915_atc_aug4_lr15_validation/lr2e-7_b10_b20p9999_clip1_frz8	/home/vol/src/plu/egs/atc/exp/20260613_000915_atc_aug4_lr15_validation/lr2e-7_b10_b20p9999_clip1_frz8.atc_validation
ATC aug4 train -> ATC val	lr3e-7_b10_b20p9999_clip1_frz8	3e-07	43.17180616740088	43.17180616740088	atc_validation	/home/vol/src/plu/egs/atc/exp/20260613_000915_atc_aug4_lr15_validation/lr3e-7_b10_b20p9999_clip1_frz8	/home/vol/src/plu/egs/atc/exp/20260613_000915_atc_aug4_lr15_validation/lr3e-7_b10_b20p9999_clip1_frz8.atc_validation
ATC aug4 train -> ATC val	lr5e-7_b10_b20p9999_clip1_frz8	5e-07	26.372187165138705	26.372187165138705	atc_validation	/home/vol/src/plu/egs/atc/exp/20260613_000915_atc_aug4_lr15_validation/lr5e-7_b10_b20p9999_clip1_frz8	/home/vol/src/plu/egs/atc/exp/20260613_000915_atc_aug4_lr15_validation/lr5e-7_b10_b20p9999_clip1_frz8.atc_validation
ATC aug4 train -> ATC val	lr7e-7_b10_b20p9999_clip1_frz8	7e-07	19.60947731872842	19.60947731872842	atc_validation	/home/vol/src/plu/egs/atc/exp/20260613_000915_atc_aug4_lr15_validation/lr7e-7_b10_b20p9999_clip1_frz8	/home/vol/src/plu/egs/atc/exp/20260613_000915_atc_aug4_lr15_validation/lr7e-7_b10_b20p9999_clip1_frz8.atc_validation
ATC aug4 train -> ATC val	lr1e-6_b10_b20p9999_clip1_frz8	1e-06	15.025598285510181	15.025598285510181	atc_validation	/home/vol/src/plu/egs/atc/exp/20260613_000915_atc_aug4_lr15_validation/lr1e-6_b10_b20p9999_clip1_frz8	/home/vol/src/plu/egs/atc/exp/20260613_000915_atc_aug4_lr15_validation/lr1e-6_b10_b20p9999_clip1_frz8.atc_validation
ATC aug4 train -> ATC val	lr1p5e-6_b10_b20p9999_clip1_frz8	1.5e-06	11.560900107155614	11.560900107155614	atc_validation	/home/vol/src/plu/egs/atc/exp/20260613_000915_atc_aug4_lr15_validation/lr1p5e-6_b10_b20p9999_clip1_frz8	/home/vol/src/plu/egs/atc/exp/20260613_000915_atc_aug4_lr15_validation/lr1p5e-6_b10_b20p9999_clip1_frz8.atc_validation
ATC aug4 train -> ATC val	lr2e-6_b10_b20p9999_clip1_frz8	2e-06	9.751160852482437	9.751160852482437	atc_validation	/home/vol/src/plu/egs/atc/exp/20260613_000915_atc_aug4_lr15_validation/lr2e-6_b10_b20p9999_clip1_frz8	/home/vol/src/plu/egs/atc/exp/20260613_000915_atc_aug4_lr15_validation/lr2e-6_b10_b20p9999_clip1_frz8.atc_validation
ATC aug4 train -> ATC val	lr3e-6_b10_b20p9999_clip1_frz8	3e-06	7.53661150136921	7.53661150136921	atc_validation	/home/vol/src/plu/egs/atc/exp/20260613_000915_atc_aug4_lr15_validation/lr3e-6_b10_b20p9999_clip1_frz8	/home/vol/src/plu/egs/atc/exp/20260613_000915_atc_aug4_lr15_validation/lr3e-6_b10_b20p9999_clip1_frz8.atc_validation
ATC aug4 train -> ATC val	lr4e-6_b10_b20p9999_clip1_frz8	4e-06	6.941302536016192	6.941302536016192	atc_validation	/home/vol/src/plu/egs/atc/exp/20260613_000915_atc_aug4_lr15_validation/lr4e-6_b10_b20p9999_clip1_frz8	/home/vol/src/plu/egs/atc/exp/20260613_000915_atc_aug4_lr15_validation/lr4e-6_b10_b20p9999_clip1_frz8.atc_validation
ATC aug4 train -> ATC val	lr5e-6_b10_b20p9999_clip1_frz8	5e-06	6.393618287891416	6.393618287891416	atc_validation	/home/vol/src/plu/egs/atc/exp/20260613_000915_atc_aug4_lr15_validation/lr5e-6_b10_b20p9999_clip1_frz8	/home/vol/src/plu/egs/atc/exp/20260613_000915_atc_aug4_lr15_validation/lr5e-6_b10_b20p9999_clip1_frz8.atc_validation
ATC aug4 train -> ATC val	lr7e-6_b10_b20p9999_clip1_frz8	7e-06	6.357899749970235	6.357899749970235	atc_validation	/home/vol/src/plu/egs/atc/exp/20260613_000915_atc_aug4_lr15_validation/lr7e-6_b10_b20p9999_clip1_frz8	/home/vol/src/plu/egs/atc/exp/20260613_000915_atc_aug4_lr15_validation/lr7e-6_b10_b20p9999_clip1_frz8.atc_validation
ATC aug4 train -> ATC val	lr1e-5_b10_b20p9999_clip1_frz8	1e-05	6.250744136206691	6.250744136206691	atc_validation	/home/vol/src/plu/egs/atc/exp/20260613_000915_atc_aug4_lr15_validation/lr1e-5_b10_b20p9999_clip1_frz8	/home/vol/src/plu/egs/atc/exp/20260613_000915_atc_aug4_lr15_validation/lr1e-5_b10_b20p9999_clip1_frz8.atc_validation
ATC aug4 train -> ATC val	lr1p2e-5_b10_b20p9999_clip1_frz8	1.2e-05	7.881890701273961	7.881890701273961	atc_validation	/home/vol/src/plu/egs/atc/exp/20260614_070000_atc_aug4_lr1p2_validation/lr1p2e-5_b10_b20p9999_clip1_frz8	/home/vol/src/plu/egs/atc/exp/20260614_070000_atc_aug4_lr1p2_validation/lr1p2e-5_b10_b20p9999_clip1_frz8.atc_validation
ATC aug4 train -> ATC val	lr1p5e-5_b10_b20p9999_clip1_frz8	1.5e-05	9.060602452672937	9.060602452672937	atc_validation	/home/vol/src/plu/egs/atc/exp/20260613_000915_atc_aug4_lr15_validation/lr1p5e-5_b10_b20p9999_clip1_frz8	/home/vol/src/plu/egs/atc/exp/20260613_000915_atc_aug4_lr15_validation/lr1p5e-5_b10_b20p9999_clip1_frz8.atc_validation
ATC aug4 train -> ATC val	lr2e-5_b10_b20p9999_clip1_frz8	2e-05	8.453387308012857	8.453387308012857	atc_validation	/home/vol/src/plu/egs/atc/exp/20260613_000915_atc_aug4_lr15_validation/lr2e-5_b10_b20p9999_clip1_frz8	/home/vol/src/plu/egs/atc/exp/20260613_000915_atc_aug4_lr15_validation/lr2e-5_b10_b20p9999_clip1_frz8.atc_validation
ATC aug4 train -> ATCOSIM test	lr1e-7_b10_b20p9999_clip1_frz8	1e-07	64.89709389629891	64.89709389629891	atcosim_test	/home/vol/src/plu/egs/atc/exp/20260613_000915_atc_aug4_lr15_validation/lr1e-7_b10_b20p9999_clip1_frz8	/home/vol/src/plu/egs/atc/exp/20260613_000915_atc_aug4_lr15_atcosim_test/lr1e-7_b10_b20p9999_clip1_frz8.atcosim_test
ATC aug4 train -> ATCOSIM test	lr2e-7_b10_b20p9999_clip1_frz8	2e-07	62.127903895415606	62.127903895415606	atcosim_test	/home/vol/src/plu/egs/atc/exp/20260613_000915_atc_aug4_lr15_validation/lr2e-7_b10_b20p9999_clip1_frz8	/home/vol/src/plu/egs/atc/exp/20260613_000915_atc_aug4_lr15_atcosim_test/lr2e-7_b10_b20p9999_clip1_frz8.atcosim_test
ATC aug4 train -> ATCOSIM test	lr3e-7_b10_b20p9999_clip1_frz8	3e-07	51.42213585372317	51.42213585372317	atcosim_test	/home/vol/src/plu/egs/atc/exp/20260613_000915_atc_aug4_lr15_validation/lr3e-7_b10_b20p9999_clip1_frz8	/home/vol/src/plu/egs/atc/exp/20260613_000915_atc_aug4_lr15_atcosim_test/lr3e-7_b10_b20p9999_clip1_frz8.atcosim_test
ATC aug4 train -> ATCOSIM test	lr5e-7_b10_b20p9999_clip1_frz8	5e-07	19.936401377970146	19.936401377970146	atcosim_test	/home/vol/src/plu/egs/atc/exp/20260613_000915_atc_aug4_lr15_validation/lr5e-7_b10_b20p9999_clip1_frz8	/home/vol/src/plu/egs/atc/exp/20260613_000915_atc_aug4_lr15_atcosim_test/lr5e-7_b10_b20p9999_clip1_frz8.atcosim_test
ATC aug4 train -> ATCOSIM test	lr7e-7_b10_b20p9999_clip1_frz8	7e-07	18.876424344139213	18.876424344139213	atcosim_test	/home/vol/src/plu/egs/atc/exp/20260613_000915_atc_aug4_lr15_validation/lr7e-7_b10_b20p9999_clip1_frz8	/home/vol/src/plu/egs/atc/exp/20260613_000915_atc_aug4_lr15_atcosim_test/lr7e-7_b10_b20p9999_clip1_frz8.atcosim_test
ATC aug4 train -> ATCOSIM test	lr1e-6_b10_b20p9999_clip1_frz8	1e-06	18.006359862202988	18.006359862202988	atcosim_test	/home/vol/src/plu/egs/atc/exp/20260613_000915_atc_aug4_lr15_validation/lr1e-6_b10_b20p9999_clip1_frz8	/home/vol/src/plu/egs/atc/exp/20260613_000915_atc_aug4_lr15_atcosim_test/lr1e-6_b10_b20p9999_clip1_frz8.atcosim_test
ATC aug4 train -> ATCOSIM test	lr1p5e-6_b10_b20p9999_clip1_frz8	1.5e-06	17.03913081883226	17.03913081883226	atcosim_test	/home/vol/src/plu/egs/atc/exp/20260613_000915_atc_aug4_lr15_validation/lr1p5e-6_b10_b20p9999_clip1_frz8	/home/vol/src/plu/egs/atc/exp/20260613_000915_atc_aug4_lr15_atcosim_test/lr1p5e-6_b10_b20p9999_clip1_frz8.atcosim_test
ATC aug4 train -> ATCOSIM test	lr2e-6_b10_b20p9999_clip1_frz8	2e-06	16.29273032417631	16.29273032417631	atcosim_test	/home/vol/src/plu/egs/atc/exp/20260613_000915_atc_aug4_lr15_validation/lr2e-6_b10_b20p9999_clip1_frz8	/home/vol/src/plu/egs/atc/exp/20260613_000915_atc_aug4_lr15_atcosim_test/lr2e-6_b10_b20p9999_clip1_frz8.atcosim_test
ATC aug4 train -> ATCOSIM test	lr3e-6_b10_b20p9999_clip1_frz8	3e-06	16.685805140888615	16.685805140888615	atcosim_test	/home/vol/src/plu/egs/atc/exp/20260613_000915_atc_aug4_lr15_validation/lr3e-6_b10_b20p9999_clip1_frz8	/home/vol/src/plu/egs/atc/exp/20260613_000915_atc_aug4_lr15_atcosim_test/lr3e-6_b10_b20p9999_clip1_frz8.atcosim_test
ATC aug4 train -> ATCOSIM test	lr4e-6_b10_b20p9999_clip1_frz8	4e-06	16.92871654447487	16.92871654447487	atcosim_test	/home/vol/src/plu/egs/atc/exp/20260613_000915_atc_aug4_lr15_validation/lr4e-6_b10_b20p9999_clip1_frz8	/home/vol/src/plu/egs/atc/exp/20260613_000915_atc_aug4_lr15_atcosim_test/lr4e-6_b10_b20p9999_clip1_frz8.atcosim_test
ATC aug4 train -> ATCOSIM test	lr5e-6_b10_b20p9999_clip1_frz8	5e-06	16.77855313134882	16.77855313134882	atcosim_test	/home/vol/src/plu/egs/atc/exp/20260613_000915_atc_aug4_lr15_validation/lr5e-6_b10_b20p9999_clip1_frz8	/home/vol/src/plu/egs/atc/exp/20260613_000915_atc_aug4_lr15_atcosim_test/lr5e-6_b10_b20p9999_clip1_frz8.atcosim_test
ATC aug4 train -> ATCOSIM test	lr7e-6_b10_b20p9999_clip1_frz8	7e-06	16.26181432735624	16.26181432735624	atcosim_test	/home/vol/src/plu/egs/atc/exp/20260613_000915_atc_aug4_lr15_validation/lr7e-6_b10_b20p9999_clip1_frz8	/home/vol/src/plu/egs/atc/exp/20260613_000915_atc_aug4_lr15_atcosim_test/lr7e-6_b10_b20p9999_clip1_frz8.atcosim_test
ATC aug4 train -> ATCOSIM test	lr1e-5_b10_b20p9999_clip1_frz8	1e-05	17.458705061390337	17.458705061390337	atcosim_test	/home/vol/src/plu/egs/atc/exp/20260613_000915_atc_aug4_lr15_validation/lr1e-5_b10_b20p9999_clip1_frz8	/home/vol/src/plu/egs/atc/exp/20260613_000915_atc_aug4_lr15_atcosim_test/lr1e-5_b10_b20p9999_clip1_frz8.atcosim_test
ATC aug4 train -> ATCOSIM test	lr1p2e-5_b10_b20p9999_clip1_frz8	1.2e-05	19.10608603480258	19.10608603480258	atcosim_test	/home/vol/src/plu/egs/atc/exp/20260614_070000_atc_aug4_lr1p2_validation/lr1p2e-5_b10_b20p9999_clip1_frz8	/home/vol/src/plu/egs/atc/exp/20260614_101922_atc_aug4_lr1p2_atcosim_test/lr1p2e-5_b10_b20p9999_clip1_frz8.atcosim_test
ATC aug4 train -> ATCOSIM test	lr1p5e-5_b10_b20p9999_clip1_frz8	1.5e-05	19.119335747725465	19.119335747725465	atcosim_test	/home/vol/src/plu/egs/atc/exp/20260613_000915_atc_aug4_lr15_validation/lr1p5e-5_b10_b20p9999_clip1_frz8	/home/vol/src/plu/egs/atc/exp/20260613_000915_atc_aug4_lr15_atcosim_test/lr1p5e-5_b10_b20p9999_clip1_frz8.atcosim_test
ATC aug4 train -> ATCOSIM test	lr2e-5_b10_b20p9999_clip1_frz8	2e-05	22.14910343609222	22.14910343609222	atcosim_test	/home/vol/src/plu/egs/atc/exp/20260613_000915_atc_aug4_lr15_validation/lr2e-5_b10_b20p9999_clip1_frz8	/home/vol/src/plu/egs/atc/exp/20260613_000915_atc_aug4_lr15_atcosim_test/lr2e-5_b10_b20p9999_clip1_frz8.atcosim_test
ATC train -> ATC test	lr2e-6_b10_b20p9999	2e-06	15.405405405405407	15.405405405405407	atc_test	/home/vol/src/plu/egs/atc/exp/20260610_224128_atc_linear_lr_b10_b20p9999_notimestamps_max96/lr2e-6_b10_b20p9999	/home/vol/src/plu/egs/atc/exp/20260612_214716_atc_only_lr10_base_atc_test/lr2e-6_b10_b20p9999.atc_test
ATC train -> ATC test	lr3e-6_b10_b20p9999	3e-06	12.291421856639248	12.291421856639248	atc_test	/home/vol/src/plu/egs/atc/exp/20260610_224128_atc_linear_lr_b10_b20p9999_notimestamps_max96/lr3e-6_b10_b20p9999	/home/vol/src/plu/egs/atc/exp/20260612_214716_atc_only_lr10_base_atc_test/lr3e-6_b10_b20p9999.atc_test
ATC train -> ATC test	lr4e-6_b10_b20p9999	4e-06	10.07050528789659	10.07050528789659	atc_test	/home/vol/src/plu/egs/atc/exp/20260610_224128_atc_linear_lr_b10_b20p9999_notimestamps_max96/lr4e-6_b10_b20p9999	/home/vol/src/plu/egs/atc/exp/20260612_214716_atc_only_lr10_base_atc_test/lr4e-6_b10_b20p9999.atc_test
ATC train -> ATC test	lr5e-6_b10_b20p9999	5e-06	9.44770857814336	9.44770857814336	atc_test	/home/vol/src/plu/egs/atc/exp/20260610_224128_atc_linear_lr_b10_b20p9999_notimestamps_max96/lr5e-6_b10_b20p9999	/home/vol/src/plu/egs/atc/exp/20260612_214716_atc_only_lr10_base_atc_test/lr5e-6_b10_b20p9999.atc_test
ATC train -> ATC test	lr7e-6_b10_b20p9999	7e-06	8.378378378378379	8.378378378378379	atc_test	/home/vol/src/plu/egs/atc/exp/20260610_224128_atc_linear_lr_b10_b20p9999_notimestamps_max96/lr7e-6_b10_b20p9999	/home/vol/src/plu/egs/atc/exp/20260612_214716_atc_only_lr10_base_atc_test/lr7e-6_b10_b20p9999.atc_test
ATC train -> ATC test	lr1e-5_b10_b20p9999	1e-05	8.061104582843713	8.061104582843713	atc_test	/home/vol/src/plu/egs/atc/exp/20260610_224128_atc_linear_lr_b10_b20p9999_notimestamps_max96/lr1e-5_b10_b20p9999	/home/vol/src/plu/egs/atc/exp/20260612_214716_atc_only_lr10_base_atc_test/lr1e-5_b10_b20p9999.atc_test
ATC train -> ATC test	lr1p2e-5_b10_b20p9999	1.2e-05	8.28437132784959	8.28437132784959	atc_test	/home/vol/src/plu/egs/atc/exp/20260611_014153_atc_linear_lr_b10_b20p9999_ext_notimestamps_max96/lr1p2e-5_b10_b20p9999	/home/vol/src/plu/egs/atc/exp/20260612_214716_atc_only_lr10_ext_atc_test/lr1p2e-5_b10_b20p9999.atc_test
ATC train -> ATC test	lr1p5e-5_b10_b20p9999	1.5e-05	9.753231492361927	9.753231492361927	atc_test	/home/vol/src/plu/egs/atc/exp/20260611_014153_atc_linear_lr_b10_b20p9999_ext_notimestamps_max96/lr1p5e-5_b10_b20p9999	/home/vol/src/plu/egs/atc/exp/20260612_214716_atc_only_lr10_ext_atc_test/lr1p5e-5_b10_b20p9999.atc_test
ATC train -> ATC test	lr2e-5_b10_b20p9999	2e-05	9.847238542890716	9.847238542890716	atc_test	/home/vol/src/plu/egs/atc/exp/20260611_014153_atc_linear_lr_b10_b20p9999_ext_notimestamps_max96/lr2e-5_b10_b20p9999	/home/vol/src/plu/egs/atc/exp/20260612_214716_atc_only_lr10_ext_atc_test/lr2e-5_b10_b20p9999.atc_test
ATC train -> ATC test	lr3e-5_b10_b20p9999	3e-05	13.196239717978846	13.196239717978846	atc_test	/home/vol/src/plu/egs/atc/exp/20260611_014153_atc_linear_lr_b10_b20p9999_ext_notimestamps_max96/lr3e-5_b10_b20p9999	/home/vol/src/plu/egs/atc/exp/20260612_214716_atc_only_lr10_ext_atc_test/lr3e-5_b10_b20p9999.atc_test
ATC train -> ATC val	lr2e-6_b10_b20p9999	2e-06	16.02571734730325	16.02571734730325	validation	/home/vol/src/plu/egs/atc/exp/20260610_224128_atc_linear_lr_b10_b20p9999_notimestamps_max96/lr2e-6_b10_b20p9999	NA
ATC train -> ATC val	lr3e-6_b10_b20p9999	3e-06	13.001547803309919	13.001547803309919	validation	/home/vol/src/plu/egs/atc/exp/20260610_224128_atc_linear_lr_b10_b20p9999_notimestamps_max96/lr3e-6_b10_b20p9999	NA
ATC train -> ATC val	lr4e-6_b10_b20p9999	4e-06	10.191689486843671	10.191689486843671	validation	/home/vol/src/plu/egs/atc/exp/20260610_224128_atc_linear_lr_b10_b20p9999_notimestamps_max96/lr4e-6_b10_b20p9999	NA
ATC train -> ATC val	lr5e-6_b10_b20p9999	5e-06	9.09632099059412	9.09632099059412	validation	/home/vol/src/plu/egs/atc/exp/20260610_224128_atc_linear_lr_b10_b20p9999_notimestamps_max96/lr5e-6_b10_b20p9999	NA
ATC train -> ATC val	lr7e-6_b10_b20p9999	7e-06	8.393856411477557	8.393856411477557	validation	/home/vol/src/plu/egs/atc/exp/20260610_224128_atc_linear_lr_b10_b20p9999_notimestamps_max96/lr7e-6_b10_b20p9999	NA
ATC train -> ATC val	lr1e-5_b10_b20p9999	1e-05	7.953327777116323	7.953327777116323	validation	/home/vol/src/plu/egs/atc/exp/20260610_224128_atc_linear_lr_b10_b20p9999_notimestamps_max96/lr1e-5_b10_b20p9999	NA
ATC train -> ATC val	lr1p2e-5_b10_b20p9999	1.2e-05	7.762828908203358	7.762828908203358	validation	/home/vol/src/plu/egs/atc/exp/20260611_014153_atc_linear_lr_b10_b20p9999_ext_notimestamps_max96/lr1p2e-5_b10_b20p9999	NA
ATC train -> ATC val	lr1p5e-5_b10_b20p9999	1.5e-05	8.191451363257531	8.191451363257531	validation	/home/vol/src/plu/egs/atc/exp/20260611_014153_atc_linear_lr_b10_b20p9999_ext_notimestamps_max96/lr1p5e-5_b10_b20p9999	NA
ATC train -> ATC val	lr2e-5_b10_b20p9999	2e-05	10.322657459221336	10.322657459221336	validation	/home/vol/src/plu/egs/atc/exp/20260611_014153_atc_linear_lr_b10_b20p9999_ext_notimestamps_max96/lr2e-5_b10_b20p9999	NA
ATC train -> ATC val	lr3e-5_b10_b20p9999	3e-05	12.501488272413383	12.501488272413383	validation	/home/vol/src/plu/egs/atc/exp/20260611_014153_atc_linear_lr_b10_b20p9999_ext_notimestamps_max96/lr3e-5_b10_b20p9999	NA
ATC train -> ATCOSIM test	lr2e-6_b10_b20p9999	2e-06	18.059358713894532	18.059358713894532	atcosim_test	/home/vol/src/plu/egs/atc/exp/20260610_224128_atc_linear_lr_b10_b20p9999_notimestamps_max96/lr2e-6_b10_b20p9999	/home/vol/src/plu/egs/atc/exp/20260613_000915_atc_only_lr10_base_atcosim_test/lr2e-6_b10_b20p9999.atcosim_test
ATC train -> ATCOSIM test	lr3e-6_b10_b20p9999	3e-06	17.189294231958307	17.189294231958307	atcosim_test	/home/vol/src/plu/egs/atc/exp/20260610_224128_atc_linear_lr_b10_b20p9999_notimestamps_max96/lr3e-6_b10_b20p9999	/home/vol/src/plu/egs/atc/exp/20260613_000915_atc_only_lr10_base_atcosim_test/lr3e-6_b10_b20p9999.atcosim_test
ATC train -> ATCOSIM test	lr4e-6_b10_b20p9999	4e-06	16.5003091599682	16.5003091599682	atcosim_test	/home/vol/src/plu/egs/atc/exp/20260610_224128_atc_linear_lr_b10_b20p9999_notimestamps_max96/lr4e-6_b10_b20p9999	/home/vol/src/plu/egs/atc/exp/20260613_000915_atc_only_lr10_base_atcosim_test/lr4e-6_b10_b20p9999.atcosim_test
ATC train -> ATCOSIM test	lr5e-6_b10_b20p9999	5e-06	16.478226305096726	16.478226305096726	atcosim_test	/home/vol/src/plu/egs/atc/exp/20260610_224128_atc_linear_lr_b10_b20p9999_notimestamps_max96/lr5e-6_b10_b20p9999	/home/vol/src/plu/egs/atc/exp/20260613_000915_atc_only_lr10_base_atcosim_test/lr5e-6_b10_b20p9999.atcosim_test
ATC train -> ATCOSIM test	lr7e-6_b10_b20p9999	7e-06	16.64163943114566	16.64163943114566	atcosim_test	/home/vol/src/plu/egs/atc/exp/20260610_224128_atc_linear_lr_b10_b20p9999_notimestamps_max96/lr7e-6_b10_b20p9999	/home/vol/src/plu/egs/atc/exp/20260613_000915_atc_only_lr10_base_atcosim_test/lr7e-6_b10_b20p9999.atcosim_test
ATC train -> ATCOSIM test	lr1e-5_b10_b20p9999	1e-05	16.96846568324353	16.96846568324353	atcosim_test	/home/vol/src/plu/egs/atc/exp/20260610_224128_atc_linear_lr_b10_b20p9999_notimestamps_max96/lr1e-5_b10_b20p9999	/home/vol/src/plu/egs/atc/exp/20260613_000915_atc_only_lr10_base_atcosim_test/lr1e-5_b10_b20p9999.atcosim_test
ATC train -> ATCOSIM test	lr1p2e-5_b10_b20p9999	1.2e-05	17.577952477696314	17.577952477696314	atcosim_test	/home/vol/src/plu/egs/atc/exp/20260611_014153_atc_linear_lr_b10_b20p9999_ext_notimestamps_max96/lr1p2e-5_b10_b20p9999	/home/vol/src/plu/egs/atc/exp/20260613_000915_atc_only_lr10_ext_atcosim_test/lr1p2e-5_b10_b20p9999.atcosim_test
ATC train -> ATCOSIM test	lr1p5e-5_b10_b20p9999	1.5e-05	19.225333451108558	19.225333451108558	atcosim_test	/home/vol/src/plu/egs/atc/exp/20260611_014153_atc_linear_lr_b10_b20p9999_ext_notimestamps_max96/lr1p5e-5_b10_b20p9999	/home/vol/src/plu/egs/atc/exp/20260613_000915_atc_only_lr10_ext_atcosim_test/lr1p5e-5_b10_b20p9999.atcosim_test
ATC train -> ATCOSIM test	lr2e-5_b10_b20p9999	2e-05	21.870859464711597	21.870859464711597	atcosim_test	/home/vol/src/plu/egs/atc/exp/20260611_014153_atc_linear_lr_b10_b20p9999_ext_notimestamps_max96/lr2e-5_b10_b20p9999	/home/vol/src/plu/egs/atc/exp/20260613_000915_atc_only_lr10_ext_atcosim_test/lr2e-5_b10_b20p9999.atcosim_test
ATC train -> ATCOSIM test	lr3e-5_b10_b20p9999	3e-05	26.852751523716982	26.852751523716982	atcosim_test	/home/vol/src/plu/egs/atc/exp/20260611_014153_atc_linear_lr_b10_b20p9999_ext_notimestamps_max96/lr3e-5_b10_b20p9999	/home/vol/src/plu/egs/atc/exp/20260613_000915_atc_only_lr10_ext_atcosim_test/lr3e-5_b10_b20p9999.atcosim_test
ATC+ATCOSIM train -> ATC test	lr1e-6_b10_b20p9999_clip1_frz8	1e-06	25.76968272620447	25.76968272620447	atc_test	/home/vol/src/plu/egs/atc/exp/20260611_230217_atc_mixed_atcosim_lr10_notimestamps_max96/lr1e-6_b10_b20p9999_clip1_frz8	/home/vol/src/plu/egs/atc/exp/20260612_214716_atc_mixed_lr10_atc_test/lr1e-6_b10_b20p9999_clip1_frz8.atc_test
ATC+ATCOSIM train -> ATC test	lr2e-6_b10_b20p9999_clip1_frz8	2e-06	14.547591069330199	14.547591069330199	atc_test	/home/vol/src/plu/egs/atc/exp/20260611_230217_atc_mixed_atcosim_lr10_notimestamps_max96/lr2e-6_b10_b20p9999_clip1_frz8	/home/vol/src/plu/egs/atc/exp/20260612_214716_atc_mixed_lr10_atc_test/lr2e-6_b10_b20p9999_clip1_frz8.atc_test
ATC+ATCOSIM train -> ATC test	lr3e-6_b10_b20p9999_clip1_frz8	3e-06	10.975323149236193	10.975323149236193	atc_test	/home/vol/src/plu/egs/atc/exp/20260611_230217_atc_mixed_atcosim_lr10_notimestamps_max96/lr3e-6_b10_b20p9999_clip1_frz8	/home/vol/src/plu/egs/atc/exp/20260612_214716_atc_mixed_lr10_atc_test/lr3e-6_b10_b20p9999_clip1_frz8.atc_test
ATC+ATCOSIM train -> ATC test	lr4e-6_b10_b20p9999_clip1_frz8	4e-06	9.917743830787309	9.917743830787309	atc_test	/home/vol/src/plu/egs/atc/exp/20260611_230217_atc_mixed_atcosim_lr10_notimestamps_max96/lr4e-6_b10_b20p9999_clip1_frz8	/home/vol/src/plu/egs/atc/exp/20260612_214716_atc_mixed_lr10_atc_test/lr4e-6_b10_b20p9999_clip1_frz8.atc_test
ATC+ATCOSIM train -> ATC test	lr5e-6_b10_b20p9999_clip1_frz8	5e-06	8.954171562867215	8.954171562867215	atc_test	/home/vol/src/plu/egs/atc/exp/20260611_230217_atc_mixed_atcosim_lr10_notimestamps_max96/lr5e-6_b10_b20p9999_clip1_frz8	/home/vol/src/plu/egs/atc/exp/20260612_214716_atc_mixed_lr10_atc_test/lr5e-6_b10_b20p9999_clip1_frz8.atc_test
ATC+ATCOSIM train -> ATC test	lr5p5e-6_b10_b20p9999_clip1_frz8	5.5e-06	9.341950646298471	9.341950646298471	atc_test	/home/vol/src/plu/egs/atc/exp/20260611_230217_atc_mixed_atcosim_lr10_notimestamps_max96/lr5p5e-6_b10_b20p9999_clip1_frz8	/home/vol/src/plu/egs/atc/exp/20260612_214716_atc_mixed_lr10_atc_test/lr5p5e-6_b10_b20p9999_clip1_frz8.atc_test
ATC+ATCOSIM train -> ATC test	lr6e-6_b10_b20p9999_clip1_frz8	6e-06	8.81316098707403	8.81316098707403	atc_test	/home/vol/src/plu/egs/atc/exp/20260611_230217_atc_mixed_atcosim_lr10_notimestamps_max96/lr6e-6_b10_b20p9999_clip1_frz8	/home/vol/src/plu/egs/atc/exp/20260612_214716_atc_mixed_lr10_atc_test/lr6e-6_b10_b20p9999_clip1_frz8.atc_test
ATC+ATCOSIM train -> ATC test	lr7e-6_b10_b20p9999_clip1_frz8	7e-06	8.46063454759107	8.46063454759107	atc_test	/home/vol/src/plu/egs/atc/exp/20260611_230217_atc_mixed_atcosim_lr10_notimestamps_max96/lr7e-6_b10_b20p9999_clip1_frz8	/home/vol/src/plu/egs/atc/exp/20260612_214716_atc_mixed_lr10_atc_test/lr7e-6_b10_b20p9999_clip1_frz8.atc_test
ATC+ATCOSIM train -> ATC test	lr8p5e-6_b10_b20p9999_clip1_frz8	8.5e-06	9.212690951821386	9.212690951821386	atc_test	/home/vol/src/plu/egs/atc/exp/20260611_230217_atc_mixed_atcosim_lr10_notimestamps_max96/lr8p5e-6_b10_b20p9999_clip1_frz8	/home/vol/src/plu/egs/atc/exp/20260612_214716_atc_mixed_lr10_atc_test/lr8p5e-6_b10_b20p9999_clip1_frz8.atc_test
ATC+ATCOSIM train -> ATC test	lr1e-5_b10_b20p9999_clip1_frz8	1e-05	8.237367802585194	8.237367802585194	atc_test	/home/vol/src/plu/egs/atc/exp/20260611_230217_atc_mixed_atcosim_lr10_notimestamps_max96/lr1e-5_b10_b20p9999_clip1_frz8	/home/vol/src/plu/egs/atc/exp/20260612_214716_atc_mixed_lr10_atc_test/lr1e-5_b10_b20p9999_clip1_frz8.atc_test
ATC+ATCOSIM train -> ATC val	lr1e-6_b10_b20p9999_clip1_frz8	1e-06	25.169663055125614	25.169663055125614	validation	/home/vol/src/plu/egs/atc/exp/20260611_230217_atc_mixed_atcosim_lr10_notimestamps_max96/lr1e-6_b10_b20p9999_clip1_frz8	NA
ATC+ATCOSIM train -> ATC val	lr2e-6_b10_b20p9999_clip1_frz8	2e-06	15.656625788784378	15.656625788784378	validation	/home/vol/src/plu/egs/atc/exp/20260611_230217_atc_mixed_atcosim_lr10_notimestamps_max96/lr2e-6_b10_b20p9999_clip1_frz8	NA
ATC+ATCOSIM train -> ATC val	lr3e-6_b10_b20p9999_clip1_frz8	3e-06	11.78711751398976	11.78711751398976	validation	/home/vol/src/plu/egs/atc/exp/20260611_230217_atc_mixed_atcosim_lr10_notimestamps_max96/lr3e-6_b10_b20p9999_clip1_frz8	NA
ATC+ATCOSIM train -> ATC val	lr4e-6_b10_b20p9999_clip1_frz8	4e-06	9.846410286938921	9.846410286938921	validation	/home/vol/src/plu/egs/atc/exp/20260611_230217_atc_mixed_atcosim_lr10_notimestamps_max96/lr4e-6_b10_b20p9999_clip1_frz8	NA
ATC+ATCOSIM train -> ATC val	lr5e-6_b10_b20p9999_clip1_frz8	5e-06	8.905822121681153	8.905822121681153	validation	/home/vol/src/plu/egs/atc/exp/20260611_230217_atc_mixed_atcosim_lr10_notimestamps_max96/lr5e-6_b10_b20p9999_clip1_frz8	NA
ATC+ATCOSIM train -> ATC val	lr5p5e-6_b10_b20p9999_clip1_frz8	5.5e-06	8.441481128705798	8.441481128705798	validation	/home/vol/src/plu/egs/atc/exp/20260611_230217_atc_mixed_atcosim_lr10_notimestamps_max96/lr5p5e-6_b10_b20p9999_clip1_frz8	NA
ATC+ATCOSIM train -> ATC val	lr6e-6_b10_b20p9999_clip1_frz8	6e-06	8.727229432075246	8.727229432075246	validation	/home/vol/src/plu/egs/atc/exp/20260611_230217_atc_mixed_atcosim_lr10_notimestamps_max96/lr6e-6_b10_b20p9999_clip1_frz8	NA
ATC+ATCOSIM train -> ATC val	lr7e-6_b10_b20p9999_clip1_frz8	7e-06	8.298606977021073	8.298606977021073	validation	/home/vol/src/plu/egs/atc/exp/20260611_230217_atc_mixed_atcosim_lr10_notimestamps_max96/lr7e-6_b10_b20p9999_clip1_frz8	NA
ATC+ATCOSIM train -> ATC val	lr8p5e-6_b10_b20p9999_clip1_frz8	8.5e-06	8.441481128705798	8.441481128705798	validation	/home/vol/src/plu/egs/atc/exp/20260611_230217_atc_mixed_atcosim_lr10_notimestamps_max96/lr8p5e-6_b10_b20p9999_clip1_frz8	NA
ATC+ATCOSIM train -> ATC val	lr1e-5_b10_b20p9999_clip1_frz8	1e-05	8.560542921776403	8.560542921776403	validation	/home/vol/src/plu/egs/atc/exp/20260611_230217_atc_mixed_atcosim_lr10_notimestamps_max96/lr1e-5_b10_b20p9999_clip1_frz8	NA
ATC+ATCOSIM train -> ATCOSIM test	lr1e-6_b10_b20p9999_clip1_frz8	1e-06	9.045137355357301	9.045137355357301	atcosim_test	/home/vol/src/plu/egs/atc/exp/20260611_230217_atc_mixed_atcosim_lr10_notimestamps_max96/lr1e-6_b10_b20p9999_clip1_frz8	/home/vol/src/plu/egs/atc/exp/20260612_090127_atc_mixed_lr10_atcosim_test/lr1e-6_b10_b20p9999_clip1_frz8.atcosim_test
ATC+ATCOSIM train -> ATCOSIM test	lr2e-6_b10_b20p9999_clip1_frz8	2e-06	3.2417630951329386	3.2417630951329386	atcosim_test	/home/vol/src/plu/egs/atc/exp/20260611_230217_atc_mixed_atcosim_lr10_notimestamps_max96/lr2e-6_b10_b20p9999_clip1_frz8	/home/vol/src/plu/egs/atc/exp/20260612_090127_atc_mixed_lr10_atcosim_test/lr2e-6_b10_b20p9999_clip1_frz8.atcosim_test
ATC+ATCOSIM train -> ATCOSIM test	lr3e-6_b10_b20p9999_clip1_frz8	3e-06	1.9742072255101142	1.9742072255101142	atcosim_test	/home/vol/src/plu/egs/atc/exp/20260611_230217_atc_mixed_atcosim_lr10_notimestamps_max96/lr3e-6_b10_b20p9999_clip1_frz8	/home/vol/src/plu/egs/atc/exp/20260612_090127_atc_mixed_lr10_atcosim_test/lr3e-6_b10_b20p9999_clip1_frz8.atcosim_test
ATC+ATCOSIM train -> ATCOSIM test	lr4e-6_b10_b20p9999_clip1_frz8	4e-06	1.545799841003445	1.545799841003445	atcosim_test	/home/vol/src/plu/egs/atc/exp/20260611_230217_atc_mixed_atcosim_lr10_notimestamps_max96/lr4e-6_b10_b20p9999_clip1_frz8	/home/vol/src/plu/egs/atc/exp/20260612_090127_atc_mixed_lr10_atcosim_test/lr4e-6_b10_b20p9999_clip1_frz8.atcosim_test
ATC+ATCOSIM train -> ATCOSIM test	lr5e-6_b10_b20p9999_clip1_frz8	5e-06	1.4530518505432384	1.4530518505432384	atcosim_test	/home/vol/src/plu/egs/atc/exp/20260611_230217_atc_mixed_atcosim_lr10_notimestamps_max96/lr5e-6_b10_b20p9999_clip1_frz8	/home/vol/src/plu/egs/atc/exp/20260612_090127_atc_mixed_lr10_atcosim_test/lr5e-6_b10_b20p9999_clip1_frz8.atcosim_test
ATC+ATCOSIM train -> ATCOSIM test	lr5p5e-6_b10_b20p9999_clip1_frz8	5.5e-06	1.4177192827488738	1.4177192827488738	atcosim_test	/home/vol/src/plu/egs/atc/exp/20260611_230217_atc_mixed_atcosim_lr10_notimestamps_max96/lr5p5e-6_b10_b20p9999_clip1_frz8	/home/vol/src/plu/egs/atc/exp/20260612_090127_atc_mixed_lr10_atcosim_test/lr5p5e-6_b10_b20p9999_clip1_frz8.atcosim_test
ATC+ATCOSIM train -> ATCOSIM test	lr6e-6_b10_b20p9999_clip1_frz8	6e-06	1.3514707181344403	1.3514707181344403	atcosim_test	/home/vol/src/plu/egs/atc/exp/20260611_230217_atc_mixed_atcosim_lr10_notimestamps_max96/lr6e-6_b10_b20p9999_clip1_frz8	/home/vol/src/plu/egs/atc/exp/20260612_090127_atc_mixed_lr10_atcosim_test/lr6e-6_b10_b20p9999_clip1_frz8.atcosim_test
ATC+ATCOSIM train -> ATCOSIM test	lr7e-6_b10_b20p9999_clip1_frz8	7e-06	1.2984718664428938	1.2984718664428938	atcosim_test	/home/vol/src/plu/egs/atc/exp/20260611_230217_atc_mixed_atcosim_lr10_notimestamps_max96/lr7e-6_b10_b20p9999_clip1_frz8	/home/vol/src/plu/egs/atc/exp/20260612_090127_atc_mixed_lr10_atcosim_test/lr7e-6_b10_b20p9999_clip1_frz8.atcosim_test
ATC+ATCOSIM train -> ATCOSIM test	lr8p5e-6_b10_b20p9999_clip1_frz8	8.5e-06	1.2984718664428938	1.2984718664428938	atcosim_test	/home/vol/src/plu/egs/atc/exp/20260611_230217_atc_mixed_atcosim_lr10_notimestamps_max96/lr8p5e-6_b10_b20p9999_clip1_frz8	/home/vol/src/plu/egs/atc/exp/20260612_090127_atc_mixed_lr10_atcosim_test/lr8p5e-6_b10_b20p9999_clip1_frz8.atcosim_test
ATC+ATCOSIM train -> ATCOSIM test	lr1e-5_b10_b20p9999_clip1_frz8	1e-05	1.2057238759826872	1.2057238759826872	atcosim_test	/home/vol/src/plu/egs/atc/exp/20260611_230217_atc_mixed_atcosim_lr10_notimestamps_max96/lr1e-5_b10_b20p9999_clip1_frz8	/home/vol/src/plu/egs/atc/exp/20260612_090127_atc_mixed_lr10_atcosim_test/lr1e-5_b10_b20p9999_clip1_frz8.atcosim_test
ATCOSIM train -> ATC test	lr1e-6_b10_b20p9999_clip1_frz8	1e-06	41.88014101057579	41.88014101057579	atc_test	/home/vol/src/plu/egs/atc/exp/20260612_090127_atcosim_only_lr10_atcosim_test/lr1e-6_b10_b20p9999_clip1_frz8	/home/vol/src/plu/egs/atc/exp/20260612_214716_atcosim_only_lr10_atc_test/lr1e-6_b10_b20p9999_clip1_frz8.atc_test
ATCOSIM train -> ATC test	lr2e-6_b10_b20p9999_clip1_frz8	2e-06	37.46180963572268	37.46180963572268	atc_test	/home/vol/src/plu/egs/atc/exp/20260612_090127_atcosim_only_lr10_atcosim_test/lr2e-6_b10_b20p9999_clip1_frz8	/home/vol/src/plu/egs/atc/exp/20260612_214716_atcosim_only_lr10_atc_test/lr2e-6_b10_b20p9999_clip1_frz8.atc_test
ATCOSIM train -> ATC test	lr3e-6_b10_b20p9999_clip1_frz8	3e-06	34.75910693301998	34.75910693301998	atc_test	/home/vol/src/plu/egs/atc/exp/20260612_090127_atcosim_only_lr10_atcosim_test/lr3e-6_b10_b20p9999_clip1_frz8	/home/vol/src/plu/egs/atc/exp/20260612_214716_atcosim_only_lr10_atc_test/lr3e-6_b10_b20p9999_clip1_frz8.atc_test
ATCOSIM train -> ATC test	lr4e-6_b10_b20p9999_clip1_frz8	4e-06	34.44183313748531	34.44183313748531	atc_test	/home/vol/src/plu/egs/atc/exp/20260612_090127_atcosim_only_lr10_atcosim_test/lr4e-6_b10_b20p9999_clip1_frz8	/home/vol/src/plu/egs/atc/exp/20260612_214716_atcosim_only_lr10_atc_test/lr4e-6_b10_b20p9999_clip1_frz8.atc_test
ATCOSIM train -> ATC test	lr5e-6_b10_b20p9999_clip1_frz8	5e-06	34.38307873090482	34.38307873090482	atc_test	/home/vol/src/plu/egs/atc/exp/20260612_090127_atcosim_only_lr10_atcosim_test/lr5e-6_b10_b20p9999_clip1_frz8	/home/vol/src/plu/egs/atc/exp/20260612_214716_atcosim_only_lr10_atc_test/lr5e-6_b10_b20p9999_clip1_frz8.atc_test
ATCOSIM train -> ATC test	lr5p5e-6_b10_b20p9999_clip1_frz8	5.5e-06	33.59576968272621	33.59576968272621	atc_test	/home/vol/src/plu/egs/atc/exp/20260612_090127_atcosim_only_lr10_atcosim_test/lr5p5e-6_b10_b20p9999_clip1_frz8	/home/vol/src/plu/egs/atc/exp/20260612_214716_atcosim_only_lr10_atc_test/lr5p5e-6_b10_b20p9999_clip1_frz8.atc_test
ATCOSIM train -> ATC test	lr6e-6_b10_b20p9999_clip1_frz8	6e-06	36.43948296122209	36.43948296122209	atc_test	/home/vol/src/plu/egs/atc/exp/20260612_090127_atcosim_only_lr10_atcosim_test/lr6e-6_b10_b20p9999_clip1_frz8	/home/vol/src/plu/egs/atc/exp/20260612_214716_atcosim_only_lr10_atc_test/lr6e-6_b10_b20p9999_clip1_frz8.atc_test
ATCOSIM train -> ATC test	lr7e-6_b10_b20p9999_clip1_frz8	7e-06	34.91186839012926	34.91186839012926	atc_test	/home/vol/src/plu/egs/atc/exp/20260612_090127_atcosim_only_lr10_atcosim_test/lr7e-6_b10_b20p9999_clip1_frz8	/home/vol/src/plu/egs/atc/exp/20260612_214716_atcosim_only_lr10_atc_test/lr7e-6_b10_b20p9999_clip1_frz8.atc_test
ATCOSIM train -> ATC test	lr8p5e-6_b10_b20p9999_clip1_frz8	8.5e-06	35.21739130434783	35.21739130434783	atc_test	/home/vol/src/plu/egs/atc/exp/20260612_090127_atcosim_only_lr10_atcosim_test/lr8p5e-6_b10_b20p9999_clip1_frz8	/home/vol/src/plu/egs/atc/exp/20260612_214716_atcosim_only_lr10_atc_test/lr8p5e-6_b10_b20p9999_clip1_frz8.atc_test
ATCOSIM train -> ATC test	lr1e-5_b10_b20p9999_clip1_frz8	1e-05	40.693301997649826	40.693301997649826	atc_test	/home/vol/src/plu/egs/atc/exp/20260612_090127_atcosim_only_lr10_atcosim_test/lr1e-5_b10_b20p9999_clip1_frz8	/home/vol/src/plu/egs/atc/exp/20260612_214716_atcosim_only_lr10_atc_test/lr1e-5_b10_b20p9999_clip1_frz8.atc_test
ATCOSIM train -> ATC val	lr1e-6_b10_b20p9999_clip1_frz8	1e-06	44.588641504941066	44.588641504941066	atc_validation	/home/vol/src/plu/egs/atc/exp/20260612_090127_atcosim_only_lr10_atcosim_test/lr1e-6_b10_b20p9999_clip1_frz8	/home/vol/src/plu/egs/atc/exp/20260612_214716_atcosim_only_lr10_atc_validation/lr1e-6_b10_b20p9999_clip1_frz8.atc_validation
ATCOSIM train -> ATC val	lr2e-6_b10_b20p9999_clip1_frz8	2e-06	38.730801285867365	38.730801285867365	atc_validation	/home/vol/src/plu/egs/atc/exp/20260612_090127_atcosim_only_lr10_atcosim_test/lr2e-6_b10_b20p9999_clip1_frz8	/home/vol/src/plu/egs/atc/exp/20260612_214716_atcosim_only_lr10_atc_validation/lr2e-6_b10_b20p9999_clip1_frz8.atc_validation
ATCOSIM train -> ATC val	lr3e-6_b10_b20p9999_clip1_frz8	3e-06	35.64710084533873	35.64710084533873	atc_validation	/home/vol/src/plu/egs/atc/exp/20260612_090127_atcosim_only_lr10_atcosim_test/lr3e-6_b10_b20p9999_clip1_frz8	/home/vol/src/plu/egs/atc/exp/20260612_214716_atcosim_only_lr10_atc_validation/lr3e-6_b10_b20p9999_clip1_frz8.atc_validation
ATCOSIM train -> ATC val	lr4e-6_b10_b20p9999_clip1_frz8	4e-06	36.635313727824744	36.635313727824744	atc_validation	/home/vol/src/plu/egs/atc/exp/20260612_090127_atcosim_only_lr10_atcosim_test/lr4e-6_b10_b20p9999_clip1_frz8	/home/vol/src/plu/egs/atc/exp/20260612_214716_atcosim_only_lr10_atc_validation/lr4e-6_b10_b20p9999_clip1_frz8.atc_validation
ATCOSIM train -> ATC val	lr5e-6_b10_b20p9999_clip1_frz8	5e-06	34.64698178354566	34.64698178354566	atc_validation	/home/vol/src/plu/egs/atc/exp/20260612_090127_atcosim_only_lr10_atcosim_test/lr5e-6_b10_b20p9999_clip1_frz8	/home/vol/src/plu/egs/atc/exp/20260612_214716_atcosim_only_lr10_atc_validation/lr5e-6_b10_b20p9999_clip1_frz8.atc_validation
ATCOSIM train -> ATC val	lr5p5e-6_b10_b20p9999_clip1_frz8	5.5e-06	34.77794975592332	34.77794975592332	atc_validation	/home/vol/src/plu/egs/atc/exp/20260612_090127_atcosim_only_lr10_atcosim_test/lr5p5e-6_b10_b20p9999_clip1_frz8	/home/vol/src/plu/egs/atc/exp/20260612_214716_atcosim_only_lr10_atc_validation/lr5p5e-6_b10_b20p9999_clip1_frz8.atc_validation
ATCOSIM train -> ATC val	lr6e-6_b10_b20p9999_clip1_frz8	6e-06	36.40909632099059	36.40909632099059	atc_validation	/home/vol/src/plu/egs/atc/exp/20260612_090127_atcosim_only_lr10_atcosim_test/lr6e-6_b10_b20p9999_clip1_frz8	/home/vol/src/plu/egs/atc/exp/20260612_214716_atcosim_only_lr10_atc_validation/lr6e-6_b10_b20p9999_clip1_frz8.atc_validation
ATCOSIM train -> ATC val	lr7e-6_b10_b20p9999_clip1_frz8	7e-06	36.159066555542324	36.159066555542324	atc_validation	/home/vol/src/plu/egs/atc/exp/20260612_090127_atcosim_only_lr10_atcosim_test/lr7e-6_b10_b20p9999_clip1_frz8	/home/vol/src/plu/egs/atc/exp/20260612_214716_atcosim_only_lr10_atc_validation/lr7e-6_b10_b20p9999_clip1_frz8.atc_validation
ATCOSIM train -> ATC val	lr8p5e-6_b10_b20p9999_clip1_frz8	8.5e-06	39.24276699607096	39.24276699607096	atc_validation	/home/vol/src/plu/egs/atc/exp/20260612_090127_atcosim_only_lr10_atcosim_test/lr8p5e-6_b10_b20p9999_clip1_frz8	/home/vol/src/plu/egs/atc/exp/20260612_214716_atcosim_only_lr10_atc_validation/lr8p5e-6_b10_b20p9999_clip1_frz8.atc_validation
ATCOSIM train -> ATC val	lr1e-5_b10_b20p9999_clip1_frz8	1e-05	41.20728658173592	41.20728658173592	atc_validation	/home/vol/src/plu/egs/atc/exp/20260612_090127_atcosim_only_lr10_atcosim_test/lr1e-5_b10_b20p9999_clip1_frz8	/home/vol/src/plu/egs/atc/exp/20260612_214716_atcosim_only_lr10_atc_validation/lr1e-5_b10_b20p9999_clip1_frz8.atc_validation
ATCOSIM train -> ATCOSIM test	lr1e-6_b10_b20p9999_clip1_frz8	1e-06	13.770868297853548	13.770868297853548	atcosim_test	/home/vol/src/plu/egs/atc/exp/20260612_090127_atcosim_only_lr10_atcosim_test/lr1e-6_b10_b20p9999_clip1_frz8	/home/vol/src/plu/egs/atc/exp/20260612_090127_atcosim_only_lr10_atcosim_test/lr1e-6_b10_b20p9999_clip1_frz8.atcosim_test
ATCOSIM train -> ATCOSIM test	lr2e-6_b10_b20p9999_clip1_frz8	2e-06	7.265259252716191	7.265259252716191	atcosim_test	/home/vol/src/plu/egs/atc/exp/20260612_090127_atcosim_only_lr10_atcosim_test/lr2e-6_b10_b20p9999_clip1_frz8	/home/vol/src/plu/egs/atc/exp/20260612_090127_atcosim_only_lr10_atcosim_test/lr2e-6_b10_b20p9999_clip1_frz8.atcosim_test
ATCOSIM train -> ATCOSIM test	lr3e-6_b10_b20p9999_clip1_frz8	3e-06	4.451903542089922	4.451903542089922	atcosim_test	/home/vol/src/plu/egs/atc/exp/20260612_090127_atcosim_only_lr10_atcosim_test/lr3e-6_b10_b20p9999_clip1_frz8	/home/vol/src/plu/egs/atc/exp/20260612_090127_atcosim_only_lr10_atcosim_test/lr3e-6_b10_b20p9999_clip1_frz8.atcosim_test
ATCOSIM train -> ATCOSIM test	lr4e-6_b10_b20p9999_clip1_frz8	4e-06	3.285928804875894	3.285928804875894	atcosim_test	/home/vol/src/plu/egs/atc/exp/20260612_090127_atcosim_only_lr10_atcosim_test/lr4e-6_b10_b20p9999_clip1_frz8	/home/vol/src/plu/egs/atc/exp/20260612_090127_atcosim_only_lr10_atcosim_test/lr4e-6_b10_b20p9999_clip1_frz8.atcosim_test
ATCOSIM train -> ATCOSIM test	lr5e-6_b10_b20p9999_clip1_frz8	5e-06	2.5660277360657187	2.5660277360657187	atcosim_test	/home/vol/src/plu/egs/atc/exp/20260612_090127_atcosim_only_lr10_atcosim_test/lr5e-6_b10_b20p9999_clip1_frz8	/home/vol/src/plu/egs/atc/exp/20260612_090127_atcosim_only_lr10_atcosim_test/lr5e-6_b10_b20p9999_clip1_frz8.atcosim_test
ATCOSIM train -> ATCOSIM test	lr5p5e-6_b10_b20p9999_clip1_frz8	5.5e-06	2.460030032682625	2.460030032682625	atcosim_test	/home/vol/src/plu/egs/atc/exp/20260612_090127_atcosim_only_lr10_atcosim_test/lr5p5e-6_b10_b20p9999_clip1_frz8	/home/vol/src/plu/egs/atc/exp/20260612_090127_atcosim_only_lr10_atcosim_test/lr5p5e-6_b10_b20p9999_clip1_frz8.atcosim_test
ATCOSIM train -> ATCOSIM test	lr6e-6_b10_b20p9999_clip1_frz8	6e-06	2.3186997615051674	2.3186997615051674	atcosim_test	/home/vol/src/plu/egs/atc/exp/20260612_090127_atcosim_only_lr10_atcosim_test/lr6e-6_b10_b20p9999_clip1_frz8	/home/vol/src/plu/egs/atc/exp/20260612_090127_atcosim_only_lr10_atcosim_test/lr6e-6_b10_b20p9999_clip1_frz8.atcosim_test
ATCOSIM train -> ATCOSIM test	lr7e-6_b10_b20p9999_clip1_frz8	7e-06	2.2877837646850985	2.2877837646850985	atcosim_test	/home/vol/src/plu/egs/atc/exp/20260612_090127_atcosim_only_lr10_atcosim_test/lr7e-6_b10_b20p9999_clip1_frz8	/home/vol/src/plu/egs/atc/exp/20260612_090127_atcosim_only_lr10_atcosim_test/lr7e-6_b10_b20p9999_clip1_frz8.atcosim_test
ATCOSIM train -> ATCOSIM test	lr8p5e-6_b10_b20p9999_clip1_frz8	8.5e-06	2.2303683420192564	2.2303683420192564	atcosim_test	/home/vol/src/plu/egs/atc/exp/20260612_090127_atcosim_only_lr10_atcosim_test/lr8p5e-6_b10_b20p9999_clip1_frz8	/home/vol/src/plu/egs/atc/exp/20260612_090127_atcosim_only_lr10_atcosim_test/lr8p5e-6_b10_b20p9999_clip1_frz8.atcosim_test
ATCOSIM train -> ATCOSIM test	lr1e-5_b10_b20p9999_clip1_frz8	1e-05	2.2303683420192564	2.2303683420192564	atcosim_test	/home/vol/src/plu/egs/atc/exp/20260612_090127_atcosim_only_lr10_atcosim_test/lr1e-5_b10_b20p9999_clip1_frz8	/home/vol/src/plu/egs/atc/exp/20260612_090127_atcosim_only_lr10_atcosim_test/lr1e-5_b10_b20p9999_clip1_frz8.atcosim_test
