series	train_series	trainable_params	width	encoder_depth	decoder_depth	eval_name	eval_set	run	learning_rate	wer_percent	mean_avg_logprob	decoded_rows	eval_path	results_path
large-v1	large-v1	1543304960	1280	32	32	atc_test	ATC test	lr2e-6_b10_b20p9999	2e-06	45.969447708578144	-0.514970479704797	813	/home/vol/src/plu/egs/atc/exp/20260616_181815_atc_whisper_large_v1_lr13_atc_test/lr2e-6_b10_b20p9999.atc_test	egs/atc/exp/20260616_181815_atc_whisper_large_v1_lr13_atc_test/results_atc_test.jsonl
large-v1	large-v1	1543304960	1280	32	32	atc_test	ATC test	lr3e-6_b10_b20p9999	3e-06	25.017626321974145	-0.34958056580565805	813	/home/vol/src/plu/egs/atc/exp/20260616_181815_atc_whisper_large_v1_lr13_atc_test/lr3e-6_b10_b20p9999.atc_test	egs/atc/exp/20260616_181815_atc_whisper_large_v1_lr13_atc_test/results_atc_test.jsonl
large-v1	large-v1	1543304960	1280	32	32	atc_test	ATC test	lr4e-6_b10_b20p9999	4e-06	14.547591069330199	-0.21195079950799509	813	/home/vol/src/plu/egs/atc/exp/20260616_181815_atc_whisper_large_v1_lr13_atc_test/lr4e-6_b10_b20p9999.atc_test	egs/atc/exp/20260616_181815_atc_whisper_large_v1_lr13_atc_test/results_atc_test.jsonl
large-v1	large-v1	1543304960	1280	32	32	atc_test	ATC test	lr5e-6_b10_b20p9999	5e-06	11.809635722679202	-0.1589840098400984	813	/home/vol/src/plu/egs/atc/exp/20260616_181815_atc_whisper_large_v1_lr13_atc_test/lr5e-6_b10_b20p9999.atc_test	egs/atc/exp/20260616_181815_atc_whisper_large_v1_lr13_atc_test/results_atc_test.jsonl
large-v1	large-v1	1543304960	1280	32	32	atc_test	ATC test	lr7e-6_b10_b20p9999	7e-06	8.413631022326674	-0.052354243542435425	813	/home/vol/src/plu/egs/atc/exp/20260616_181815_atc_whisper_large_v1_lr13_atc_test/lr7e-6_b10_b20p9999.atc_test	egs/atc/exp/20260616_181815_atc_whisper_large_v1_lr13_atc_test/results_atc_test.jsonl
large-v1	large-v1	1543304960	1280	32	32	atc_test	ATC test	lr1e-5_b10_b20p9999	1e-05	7.508813160987074	-0.04012054120541206	813	/home/vol/src/plu/egs/atc/exp/20260616_181815_atc_whisper_large_v1_lr13_atc_test/lr1e-5_b10_b20p9999.atc_test	egs/atc/exp/20260616_181815_atc_whisper_large_v1_lr13_atc_test/results_atc_test.jsonl
large-v1	large-v1	1543304960	1280	32	32	atc_test	ATC test	lr1p2e-5_b10_b20p9999	1.2e-05	7.908343125734429	-0.04397539975399754	813	/home/vol/src/plu/egs/atc/exp/20260616_181815_atc_whisper_large_v1_lr13_atc_test/lr1p2e-5_b10_b20p9999.atc_test	egs/atc/exp/20260616_181815_atc_whisper_large_v1_lr13_atc_test/results_atc_test.jsonl
large-v1	large-v1	1543304960	1280	32	32	atc_test	ATC test	lr1p5e-5_b10_b20p9999	1.5e-05	8.09635722679201	-0.03600738007380074	813	/home/vol/src/plu/egs/atc/exp/20260616_181815_atc_whisper_large_v1_lr13_atc_test/lr1p5e-5_b10_b20p9999.atc_test	egs/atc/exp/20260616_181815_atc_whisper_large_v1_lr13_atc_test/results_atc_test.jsonl
large-v1	large-v1	1543304960	1280	32	32	atc_test	ATC test	lr2e-5_b10_b20p9999	2e-05	7.7555816686251475	-0.03693726937269373	813	/home/vol/src/plu/egs/atc/exp/20260616_181815_atc_whisper_large_v1_lr13_atc_test/lr2e-5_b10_b20p9999.atc_test	egs/atc/exp/20260616_181815_atc_whisper_large_v1_lr13_atc_test/results_atc_test.jsonl
large-v1	large-v1	1543304960	1280	32	32	atc_test	ATC test	lr3e-5_b10_b20p9999	3e-05	8.754406580493537	-0.04007380073800738	813	/home/vol/src/plu/egs/atc/exp/20260616_181815_atc_whisper_large_v1_lr13_atc_test/lr3e-5_b10_b20p9999.atc_test	egs/atc/exp/20260616_181815_atc_whisper_large_v1_lr13_atc_test/results_atc_test.jsonl
large-v1	large-v1	1543304960	1280	32	32	atc_test	ATC test	lr5e-5_b10_b20p9999	5e-05	11.116333725029378	-0.05502214022140221	813	/home/vol/src/plu/egs/atc/exp/20260616_181815_atc_whisper_large_v1_lr13_atc_test/lr5e-5_b10_b20p9999.atc_test	egs/atc/exp/20260616_181815_atc_whisper_large_v1_lr13_atc_test/results_atc_test.jsonl
large-v1	large-v1	1543304960	1280	32	32	atc_test	ATC test	lr7e-5_b10_b20p9999	7e-05	98.51938895417156	-0.4540246002460025	813	/home/vol/src/plu/egs/atc/exp/20260616_181815_atc_whisper_large_v1_lr13_atc_test/lr7e-5_b10_b20p9999.atc_test	egs/atc/exp/20260616_181815_atc_whisper_large_v1_lr13_atc_test/results_atc_test.jsonl
large-v1	large-v1	1543304960	1280	32	32	atc_test	ATC test	lr0p0001_b10_b20p9999	0.0001	94.92361927144536	-0.4986113161131611	813	/home/vol/src/plu/egs/atc/exp/20260616_181815_atc_whisper_large_v1_lr13_atc_test/lr0p0001_b10_b20p9999.atc_test	egs/atc/exp/20260616_181815_atc_whisper_large_v1_lr13_atc_test/results_atc_test.jsonl
large-v2	large-v2	1543304960	1280	32	32	atc_test	ATC test	lr5e-6_b10_b20p9999	5e-06	21.797884841363103	-0.29218204182041824	813	/home/vol/src/plu/egs/atc/exp/20260616_100945_atc_whisper_large_v2_focused_lr_atc_test/lr5e-6_b10_b20p9999.atc_test	egs/atc/exp/20260616_100945_atc_whisper_large_v2_focused_lr_atc_test/results_atc_test.jsonl
large-v2	large-v2	1543304960	1280	32	32	atc_test	ATC test	lr7e-6_b10_b20p9999	7e-06	8.1903642773208	-0.07266666666666667	813	/home/vol/src/plu/egs/atc/exp/20260616_100945_atc_whisper_large_v2_focused_lr_atc_test/lr7e-6_b10_b20p9999.atc_test	egs/atc/exp/20260616_100945_atc_whisper_large_v2_focused_lr_atc_test/results_atc_test.jsonl
large-v2	large-v2	1543304960	1280	32	32	atc_test	ATC test	lr1e-5_b10_b20p9999	1e-05	7.215041128084606	-0.03867527675276753	813	/home/vol/src/plu/egs/atc/exp/20260616_100945_atc_whisper_large_v2_focused_lr_atc_test/lr1e-5_b10_b20p9999.atc_test	egs/atc/exp/20260616_100945_atc_whisper_large_v2_focused_lr_atc_test/results_atc_test.jsonl
large-v2	large-v2	1543304960	1280	32	32	atc_test	ATC test	lr1p2e-5_b10_b20p9999	1.2e-05	7.367802585193889	-0.038842558425584255	813	/home/vol/src/plu/egs/atc/exp/20260616_100945_atc_whisper_large_v2_focused_lr_atc_test/lr1p2e-5_b10_b20p9999.atc_test	egs/atc/exp/20260616_100945_atc_whisper_large_v2_focused_lr_atc_test/results_atc_test.jsonl
large-v2	large-v2	1543304960	1280	32	32	atc_test	ATC test	lr1p5e-5_b10_b20p9999	1.5e-05	7.45005875440658	-0.03860147601476015	813	/home/vol/src/plu/egs/atc/exp/20260616_100945_atc_whisper_large_v2_focused_lr_atc_test/lr1p5e-5_b10_b20p9999.atc_test	egs/atc/exp/20260616_100945_atc_whisper_large_v2_focused_lr_atc_test/results_atc_test.jsonl
large-v2	large-v2	1543304960	1280	32	32	atc_test	ATC test	lr2e-5_b10_b20p9999	2e-05	7.614571092831962	-0.035637146371463715	813	/home/vol/src/plu/egs/atc/exp/20260616_100945_atc_whisper_large_v2_focused_lr_atc_test/lr2e-5_b10_b20p9999.atc_test	egs/atc/exp/20260616_100945_atc_whisper_large_v2_focused_lr_atc_test/results_atc_test.jsonl
large-v2	large-v2	1543304960	1280	32	32	atc_test	ATC test	lr3e-5_b10_b20p9999	3e-05	8.484136310223267	-0.03935793357933579	813	/home/vol/src/plu/egs/atc/exp/20260616_100945_atc_whisper_large_v2_focused_lr_atc_test/lr3e-5_b10_b20p9999.atc_test	egs/atc/exp/20260616_100945_atc_whisper_large_v2_focused_lr_atc_test/results_atc_test.jsonl
large-v3	large-v3	1543490560	1280	32	32	atc_test	ATC test	lr5e-6_b10_b20p9999	5e-06	9.518213866039952	-0.06262730627306273	813	/home/vol/src/plu/egs/atc/exp/20260614_234441_atc_whisper_large_lr13_atc_test/lr5e-6_b10_b20p9999.atc_test	egs/atc/exp/20260616_100945_atc_whisper_large_v3_focused_lr_filtered/results_atc_test.jsonl
large-v3	large-v3	1543490560	1280	32	32	atc_test	ATC test	lr7e-6_b10_b20p9999	7e-06	8.495887191539365	-0.04848708487084871	813	/home/vol/src/plu/egs/atc/exp/20260614_234441_atc_whisper_large_lr13_atc_test/lr7e-6_b10_b20p9999.atc_test	egs/atc/exp/20260616_100945_atc_whisper_large_v3_focused_lr_filtered/results_atc_test.jsonl
large-v3	large-v3	1543490560	1280	32	32	atc_test	ATC test	lr1e-5_b10_b20p9999	1e-05	7.6733254994124565	-0.04258548585485855	813	/home/vol/src/plu/egs/atc/exp/20260614_234441_atc_whisper_large_lr13_atc_test/lr1e-5_b10_b20p9999.atc_test	egs/atc/exp/20260616_100945_atc_whisper_large_v3_focused_lr_filtered/results_atc_test.jsonl
large-v3	large-v3	1543490560	1280	32	32	atc_test	ATC test	lr1p2e-5_b10_b20p9999	1.2e-05	7.3795534665099884	-0.03809225092250923	813	/home/vol/src/plu/egs/atc/exp/20260614_234441_atc_whisper_large_lr13_atc_test/lr1p2e-5_b10_b20p9999.atc_test	egs/atc/exp/20260616_100945_atc_whisper_large_v3_focused_lr_filtered/results_atc_test.jsonl
large-v3	large-v3	1543490560	1280	32	32	atc_test	ATC test	lr1p5e-5_b10_b20p9999	1.5e-05	7.015276145710929	-0.036220172201722016	813	/home/vol/src/plu/egs/atc/exp/20260614_234441_atc_whisper_large_lr13_atc_test/lr1p5e-5_b10_b20p9999.atc_test	egs/atc/exp/20260616_100945_atc_whisper_large_v3_focused_lr_filtered/results_atc_test.jsonl
large-v3	large-v3	1543490560	1280	32	32	atc_test	ATC test	lr2e-5_b10_b20p9999	2e-05	7.367802585193889	-0.03862730627306273	813	/home/vol/src/plu/egs/atc/exp/20260614_234441_atc_whisper_large_lr13_atc_test/lr2e-5_b10_b20p9999.atc_test	egs/atc/exp/20260616_100945_atc_whisper_large_v3_focused_lr_filtered/results_atc_test.jsonl
large-v3	large-v3	1543490560	1280	32	32	atc_test	ATC test	lr3e-5_b10_b20p9999	3e-05	7.6498237367802595	-0.0398610086100861	813	/home/vol/src/plu/egs/atc/exp/20260614_234441_atc_whisper_large_lr13_atc_test/lr3e-5_b10_b20p9999.atc_test	egs/atc/exp/20260616_100945_atc_whisper_large_v3_focused_lr_filtered/results_atc_test.jsonl
medium	medium	763857920	1024	24	24	atc_test	ATC test	lr2e-6_b10_b20p9999	2e-06	33.09048178613396	-0.49280811808118086	813	/home/vol/src/plu/egs/atc/exp/20260614_234441_atc_whisper_medium_lr13_atc_test/lr2e-6_b10_b20p9999.atc_test	egs/atc/exp/20260614_234441_atc_whisper_medium_lr13_atc_test/results_atc_test.jsonl
medium	medium	763857920	1024	24	24	atc_test	ATC test	lr3e-6_b10_b20p9999	3e-06	22.961222091656875	-0.35869864698646986	813	/home/vol/src/plu/egs/atc/exp/20260614_234441_atc_whisper_medium_lr13_atc_test/lr3e-6_b10_b20p9999.atc_test	egs/atc/exp/20260614_234441_atc_whisper_medium_lr13_atc_test/results_atc_test.jsonl
medium	medium	763857920	1024	24	24	atc_test	ATC test	lr4e-6_b10_b20p9999	4e-06	16.92126909518214	-0.2671758917589176	813	/home/vol/src/plu/egs/atc/exp/20260614_234441_atc_whisper_medium_lr13_atc_test/lr4e-6_b10_b20p9999.atc_test	egs/atc/exp/20260614_234441_atc_whisper_medium_lr13_atc_test/results_atc_test.jsonl
medium	medium	763857920	1024	24	24	atc_test	ATC test	lr5e-6_b10_b20p9999	5e-06	13.396004700352526	-0.17188314883148834	813	/home/vol/src/plu/egs/atc/exp/20260614_234441_atc_whisper_medium_lr13_atc_test/lr5e-6_b10_b20p9999.atc_test	egs/atc/exp/20260614_234441_atc_whisper_medium_lr13_atc_test/results_atc_test.jsonl
medium	medium	763857920	1024	24	24	atc_test	ATC test	lr7e-6_b10_b20p9999	7e-06	9.858989424206815	-0.0758979089790898	813	/home/vol/src/plu/egs/atc/exp/20260614_234441_atc_whisper_medium_lr13_atc_test/lr7e-6_b10_b20p9999.atc_test	egs/atc/exp/20260614_234441_atc_whisper_medium_lr13_atc_test/results_atc_test.jsonl
medium	medium	763857920	1024	24	24	atc_test	ATC test	lr1e-5_b10_b20p9999	1e-05	8.237367802585194	-0.046781057810578106	813	/home/vol/src/plu/egs/atc/exp/20260614_234441_atc_whisper_medium_lr13_atc_test/lr1e-5_b10_b20p9999.atc_test	egs/atc/exp/20260614_234441_atc_whisper_medium_lr13_atc_test/results_atc_test.jsonl
medium	medium	763857920	1024	24	24	atc_test	ATC test	lr1p2e-5_b10_b20p9999	1.2e-05	8.108108108108109	-0.044980319803198034	813	/home/vol/src/plu/egs/atc/exp/20260614_234441_atc_whisper_medium_lr13_atc_test/lr1p2e-5_b10_b20p9999.atc_test	egs/atc/exp/20260614_234441_atc_whisper_medium_lr13_atc_test/results_atc_test.jsonl
medium	medium	763857920	1024	24	24	atc_test	ATC test	lr1p5e-5_b10_b20p9999	1.5e-05	7.92009400705053	-0.04003321033210332	813	/home/vol/src/plu/egs/atc/exp/20260614_234441_atc_whisper_medium_lr13_atc_test/lr1p5e-5_b10_b20p9999.atc_test	egs/atc/exp/20260614_234441_atc_whisper_medium_lr13_atc_test/results_atc_test.jsonl
medium	medium	763857920	1024	24	24	atc_test	ATC test	lr2e-5_b10_b20p9999	2e-05	8.28437132784959	-0.03750307503075031	813	/home/vol/src/plu/egs/atc/exp/20260614_234441_atc_whisper_medium_lr13_atc_test/lr2e-5_b10_b20p9999.atc_test	egs/atc/exp/20260614_234441_atc_whisper_medium_lr13_atc_test/results_atc_test.jsonl
medium	medium	763857920	1024	24	24	atc_test	ATC test	lr3e-5_b10_b20p9999	3e-05	8.942420681551116	-0.038	813	/home/vol/src/plu/egs/atc/exp/20260614_234441_atc_whisper_medium_lr13_atc_test/lr3e-5_b10_b20p9999.atc_test	egs/atc/exp/20260614_234441_atc_whisper_medium_lr13_atc_test/results_atc_test.jsonl
medium	medium	763857920	1024	24	24	atc_test	ATC test	lr5e-5_b10_b20p9999	5e-05	9.659224441833137	-0.04840590405904059	813	/home/vol/src/plu/egs/atc/exp/20260614_234441_atc_whisper_medium_lr13_atc_test/lr5e-5_b10_b20p9999.atc_test	egs/atc/exp/20260614_234441_atc_whisper_medium_lr13_atc_test/results_atc_test.jsonl
medium	medium	763857920	1024	24	24	atc_test	ATC test	lr7e-5_b10_b20p9999	7e-05	11.621621621621623	-0.05506888068880689	813	/home/vol/src/plu/egs/atc/exp/20260614_234441_atc_whisper_medium_lr13_atc_test/lr7e-5_b10_b20p9999.atc_test	egs/atc/exp/20260614_234441_atc_whisper_medium_lr13_atc_test/results_atc_test.jsonl
medium	medium	763857920	1024	24	24	atc_test	ATC test	lr0p0001_b10_b20p9999	0.0001	35.4406580493537	-0.3905830258302583	813	/home/vol/src/plu/egs/atc/exp/20260614_234441_atc_whisper_medium_lr13_atc_test/lr0p0001_b10_b20p9999.atc_test	egs/atc/exp/20260614_234441_atc_whisper_medium_lr13_atc_test/results_atc_test.jsonl
small	small	241734912	768	12	12	atc_test	ATC test	lr2e-6_b10_b20p9999	2e-06	64.30082256169213	-0.795089790897909	813	/home/vol/src/plu/egs/atc/exp/20260614_234441_atc_whisper_small_lr13_atc_test/lr2e-6_b10_b20p9999.atc_test	egs/atc/exp/20260614_234441_atc_whisper_small_lr13_atc_test/results_atc_test.jsonl
small	small	241734912	768	12	12	atc_test	ATC test	lr3e-6_b10_b20p9999	3e-06	56.88601645123384	-0.7394464944649446	813	/home/vol/src/plu/egs/atc/exp/20260614_234441_atc_whisper_small_lr13_atc_test/lr3e-6_b10_b20p9999.atc_test	egs/atc/exp/20260614_234441_atc_whisper_small_lr13_atc_test/results_atc_test.jsonl
small	small	241734912	768	12	12	atc_test	ATC test	lr4e-6_b10_b20p9999	4e-06	48.613396004700355	-0.6525473554735547	813	/home/vol/src/plu/egs/atc/exp/20260614_234441_atc_whisper_small_lr13_atc_test/lr4e-6_b10_b20p9999.atc_test	egs/atc/exp/20260614_234441_atc_whisper_small_lr13_atc_test/results_atc_test.jsonl
small	small	241734912	768	12	12	atc_test	ATC test	lr5e-6_b10_b20p9999	5e-06	39.42420681551116	-0.5574514145141451	813	/home/vol/src/plu/egs/atc/exp/20260614_234441_atc_whisper_small_lr13_atc_test/lr5e-6_b10_b20p9999.atc_test	egs/atc/exp/20260614_234441_atc_whisper_small_lr13_atc_test/results_atc_test.jsonl
small	small	241734912	768	12	12	atc_test	ATC test	lr7e-6_b10_b20p9999	7e-06	22.267920094007053	-0.29730381303813036	813	/home/vol/src/plu/egs/atc/exp/20260614_234441_atc_whisper_small_lr13_atc_test/lr7e-6_b10_b20p9999.atc_test	egs/atc/exp/20260614_234441_atc_whisper_small_lr13_atc_test/results_atc_test.jsonl
small	small	241734912	768	12	12	atc_test	ATC test	lr1e-5_b10_b20p9999	1e-05	14.383078730904819	-0.10094956949569496	813	/home/vol/src/plu/egs/atc/exp/20260614_234441_atc_whisper_small_lr13_atc_test/lr1e-5_b10_b20p9999.atc_test	egs/atc/exp/20260614_234441_atc_whisper_small_lr13_atc_test/results_atc_test.jsonl
small	small	241734912	768	12	12	atc_test	ATC test	lr1p2e-5_b10_b20p9999	1.2e-05	13.52526439482961	-0.10273923739237392	813	/home/vol/src/plu/egs/atc/exp/20260614_234441_atc_whisper_small_lr13_atc_test/lr1p2e-5_b10_b20p9999.atc_test	egs/atc/exp/20260614_234441_atc_whisper_small_lr13_atc_test/results_atc_test.jsonl
small	small	241734912	768	12	12	atc_test	ATC test	lr1p5e-5_b10_b20p9999	1.5e-05	12.303172737955347	-0.08610332103321032	813	/home/vol/src/plu/egs/atc/exp/20260614_234441_atc_whisper_small_lr13_atc_test/lr1p5e-5_b10_b20p9999.atc_test	egs/atc/exp/20260614_234441_atc_whisper_small_lr13_atc_test/results_atc_test.jsonl
small	small	241734912	768	12	12	atc_test	ATC test	lr2e-5_b10_b20p9999	2e-05	11.057579318448884	-0.06084009840098401	813	/home/vol/src/plu/egs/atc/exp/20260614_234441_atc_whisper_small_lr13_atc_test/lr2e-5_b10_b20p9999.atc_test	egs/atc/exp/20260614_234441_atc_whisper_small_lr13_atc_test/results_atc_test.jsonl
small	small	241734912	768	12	12	atc_test	ATC test	lr3e-5_b10_b20p9999	3e-05	12.079905992949472	-0.06710086100861008	813	/home/vol/src/plu/egs/atc/exp/20260614_234441_atc_whisper_small_lr13_atc_test/lr3e-5_b10_b20p9999.atc_test	egs/atc/exp/20260614_234441_atc_whisper_small_lr13_atc_test/results_atc_test.jsonl
small	small	241734912	768	12	12	atc_test	ATC test	lr5e-5_b10_b20p9999	5e-05	10.599294947121034	-0.05287945879458795	813	/home/vol/src/plu/egs/atc/exp/20260614_234441_atc_whisper_small_lr13_atc_test/lr5e-5_b10_b20p9999.atc_test	egs/atc/exp/20260614_234441_atc_whisper_small_lr13_atc_test/results_atc_test.jsonl
small	small	241734912	768	12	12	atc_test	ATC test	lr7e-5_b10_b20p9999	7e-05	11.480611045828438	-0.05870479704797048	813	/home/vol/src/plu/egs/atc/exp/20260614_234441_atc_whisper_small_lr13_atc_test/lr7e-5_b10_b20p9999.atc_test	egs/atc/exp/20260614_234441_atc_whisper_small_lr13_atc_test/results_atc_test.jsonl
small	small	241734912	768	12	12	atc_test	ATC test	lr0p0001_b10_b20p9999	0.0001	11.868390129259694	-0.0607539975399754	813	/home/vol/src/plu/egs/atc/exp/20260614_234441_atc_whisper_small_lr13_atc_test/lr0p0001_b10_b20p9999.atc_test	egs/atc/exp/20260614_234441_atc_whisper_small_lr13_atc_test/results_atc_test.jsonl
turbo	turbo	808878080	1280	32	4	atc_test	ATC test	lr2e-6_b10_b20p9999	2e-06	15.405405405405407	-0.14622755227552275	813	/home/vol/src/plu/egs/atc/exp/20260612_214716_atc_only_lr10_base_atc_test/lr2e-6_b10_b20p9999.atc_test	egs/atc/exp/20260612_214716_atc_only_lr10_base_atc_test/results_atc_test.jsonl
turbo	turbo	808878080	1280	32	4	atc_test	ATC test	lr3e-6_b10_b20p9999	3e-06	12.291421856639248	-0.09188068880688807	813	/home/vol/src/plu/egs/atc/exp/20260612_214716_atc_only_lr10_base_atc_test/lr3e-6_b10_b20p9999.atc_test	egs/atc/exp/20260612_214716_atc_only_lr10_base_atc_test/results_atc_test.jsonl
turbo	turbo	808878080	1280	32	4	atc_test	ATC test	lr4e-6_b10_b20p9999	4e-06	10.07050528789659	-0.07218819188191881	813	/home/vol/src/plu/egs/atc/exp/20260612_214716_atc_only_lr10_base_atc_test/lr4e-6_b10_b20p9999.atc_test	egs/atc/exp/20260612_214716_atc_only_lr10_base_atc_test/results_atc_test.jsonl
turbo	turbo	808878080	1280	32	4	atc_test	ATC test	lr5e-6_b10_b20p9999	5e-06	9.44770857814336	-0.056489544895448954	813	/home/vol/src/plu/egs/atc/exp/20260612_214716_atc_only_lr10_base_atc_test/lr5e-6_b10_b20p9999.atc_test	egs/atc/exp/20260612_214716_atc_only_lr10_base_atc_test/results_atc_test.jsonl
turbo	turbo	808878080	1280	32	4	atc_test	ATC test	lr7e-6_b10_b20p9999	7e-06	8.378378378378379	-0.04658917589175892	813	/home/vol/src/plu/egs/atc/exp/20260612_214716_atc_only_lr10_base_atc_test/lr7e-6_b10_b20p9999.atc_test	egs/atc/exp/20260612_214716_atc_only_lr10_base_atc_test/results_atc_test.jsonl
turbo	turbo	808878080	1280	32	4	atc_test	ATC test	lr1e-5_b10_b20p9999	1e-05	8.061104582843713	-0.041584255842558426	813	/home/vol/src/plu/egs/atc/exp/20260612_214716_atc_only_lr10_base_atc_test/lr1e-5_b10_b20p9999.atc_test	egs/atc/exp/20260612_214716_atc_only_lr10_base_atc_test/results_atc_test.jsonl
turbo	turbo	808878080	1280	32	4	atc_test	ATC test	lr1p2e-5_b10_b20p9999	1.2e-05	8.28437132784959	-0.039273062730627306	813	/home/vol/src/plu/egs/atc/exp/20260612_214716_atc_only_lr10_ext_atc_test/lr1p2e-5_b10_b20p9999.atc_test	egs/atc/exp/20260612_214716_atc_only_lr10_ext_atc_test/results_atc_test.jsonl
turbo	turbo	808878080	1280	32	4	atc_test	ATC test	lr1p5e-5_b10_b20p9999	1.5e-05	9.753231492361927	-0.04152767527675277	813	/home/vol/src/plu/egs/atc/exp/20260612_214716_atc_only_lr10_ext_atc_test/lr1p5e-5_b10_b20p9999.atc_test	egs/atc/exp/20260612_214716_atc_only_lr10_ext_atc_test/results_atc_test.jsonl
turbo	turbo	808878080	1280	32	4	atc_test	ATC test	lr2e-5_b10_b20p9999	2e-05	9.847238542890716	-0.04666789667896679	813	/home/vol/src/plu/egs/atc/exp/20260612_214716_atc_only_lr10_ext_atc_test/lr2e-5_b10_b20p9999.atc_test	egs/atc/exp/20260612_214716_atc_only_lr10_ext_atc_test/results_atc_test.jsonl
turbo	turbo	808878080	1280	32	4	atc_test	ATC test	lr3e-5_b10_b20p9999	3e-05	13.196239717978846	-0.06750184501845018	813	/home/vol/src/plu/egs/atc/exp/20260612_214716_atc_only_lr10_ext_atc_test/lr3e-5_b10_b20p9999.atc_test	egs/atc/exp/20260612_214716_atc_only_lr10_ext_atc_test/results_atc_test.jsonl
large-v1	large-v1	1543304960	1280	32	32	atc_validation	ATC validation	lr2e-6_b10_b20p9999	2e-06	45.564948208120015	-0.5183743842364532	812	/home/vol/src/plu/egs/atc/exp/20260616_181815_atc_whisper_large_v1_lr13_validation/lr2e-6_b10_b20p9999.atc_validation	egs/atc/exp/20260616_181815_atc_whisper_large_v1_lr13_validation/results_atc_validation.jsonl
large-v1	large-v1	1543304960	1280	32	32	atc_validation	ATC validation	lr3e-6_b10_b20p9999	3e-06	27.050839385641147	-0.3556896551724138	812	/home/vol/src/plu/egs/atc/exp/20260616_181815_atc_whisper_large_v1_lr13_validation/lr3e-6_b10_b20p9999.atc_validation	egs/atc/exp/20260616_181815_atc_whisper_large_v1_lr13_validation/results_atc_validation.jsonl
large-v1	large-v1	1543304960	1280	32	32	atc_validation	ATC validation	lr4e-6_b10_b20p9999	4e-06	15.585188712942017	-0.2301564039408867	812	/home/vol/src/plu/egs/atc/exp/20260616_181815_atc_whisper_large_v1_lr13_validation/lr4e-6_b10_b20p9999.atc_validation	egs/atc/exp/20260616_181815_atc_whisper_large_v1_lr13_validation/results_atc_validation.jsonl
large-v1	large-v1	1543304960	1280	32	32	atc_validation	ATC validation	lr5e-6_b10_b20p9999	5e-06	12.037147279438027	-0.164	812	/home/vol/src/plu/egs/atc/exp/20260616_181815_atc_whisper_large_v1_lr13_validation/lr5e-6_b10_b20p9999.atc_validation	egs/atc/exp/20260616_181815_atc_whisper_large_v1_lr13_validation/results_atc_validation.jsonl
large-v1	large-v1	1543304960	1280	32	32	atc_validation	ATC validation	lr7e-6_b10_b20p9999	7e-06	8.227169901178712	-0.0585935960591133	812	/home/vol/src/plu/egs/atc/exp/20260616_181815_atc_whisper_large_v1_lr13_validation/lr7e-6_b10_b20p9999.atc_validation	egs/atc/exp/20260616_181815_atc_whisper_large_v1_lr13_validation/results_atc_validation.jsonl
large-v1	large-v1	1543304960	1280	32	32	atc_validation	ATC validation	lr1e-5_b10_b20p9999	1e-05	7.727110370282177	-0.04448399014778325	812	/home/vol/src/plu/egs/atc/exp/20260616_181815_atc_whisper_large_v1_lr13_validation/lr1e-5_b10_b20p9999.atc_validation	egs/atc/exp/20260616_181815_atc_whisper_large_v1_lr13_validation/results_atc_validation.jsonl
large-v1	large-v1	1543304960	1280	32	32	atc_validation	ATC validation	lr1p2e-5_b10_b20p9999	1.2e-05	7.6675794737468745	-0.04531773399014778	812	/home/vol/src/plu/egs/atc/exp/20260616_181815_atc_whisper_large_v1_lr13_validation/lr1p2e-5_b10_b20p9999.atc_validation	egs/atc/exp/20260616_181815_atc_whisper_large_v1_lr13_validation/results_atc_validation.jsonl
large-v1	large-v1	1543304960	1280	32	32	atc_validation	ATC validation	lr1p5e-5_b10_b20p9999	1.5e-05	7.298487915228004	-0.03572660098522168	812	/home/vol/src/plu/egs/atc/exp/20260616_181815_atc_whisper_large_v1_lr13_validation/lr1p5e-5_b10_b20p9999.atc_validation	egs/atc/exp/20260616_181815_atc_whisper_large_v1_lr13_validation/results_atc_validation.jsonl
large-v1	large-v1	1543304960	1280	32	32	atc_validation	ATC validation	lr2e-5_b10_b20p9999	2e-05	8.250982259792833	-0.037674876847290636	812	/home/vol/src/plu/egs/atc/exp/20260616_181815_atc_whisper_large_v1_lr13_validation/lr2e-5_b10_b20p9999.atc_validation	egs/atc/exp/20260616_181815_atc_whisper_large_v1_lr13_validation/results_atc_validation.jsonl
large-v1	large-v1	1543304960	1280	32	32	atc_validation	ATC validation	lr3e-5_b10_b20p9999	3e-05	8.48910584593404	-0.04109975369458128	812	/home/vol/src/plu/egs/atc/exp/20260616_181815_atc_whisper_large_v1_lr13_validation/lr3e-5_b10_b20p9999.atc_validation	egs/atc/exp/20260616_181815_atc_whisper_large_v1_lr13_validation/results_atc_validation.jsonl
large-v1	large-v1	1543304960	1280	32	32	atc_validation	ATC validation	lr5e-5_b10_b20p9999	5e-05	11.013215859030836	-0.052442118226600984	812	/home/vol/src/plu/egs/atc/exp/20260616_181815_atc_whisper_large_v1_lr13_validation/lr5e-5_b10_b20p9999.atc_validation	egs/atc/exp/20260616_181815_atc_whisper_large_v1_lr13_validation/results_atc_validation.jsonl
large-v1	large-v1	1543304960	1280	32	32	atc_validation	ATC validation	lr7e-5_b10_b20p9999	7e-05	100.28574830336945	-0.4520591133004926	812	/home/vol/src/plu/egs/atc/exp/20260616_181815_atc_whisper_large_v1_lr13_validation/lr7e-5_b10_b20p9999.atc_validation	egs/atc/exp/20260616_181815_atc_whisper_large_v1_lr13_validation/results_atc_validation.jsonl
large-v1	large-v1	1543304960	1280	32	32	atc_validation	ATC validation	lr0p0001_b10_b20p9999	0.0001	95.24943445648292	-0.5015775862068965	812	/home/vol/src/plu/egs/atc/exp/20260616_181815_atc_whisper_large_v1_lr13_validation/lr0p0001_b10_b20p9999.atc_validation	egs/atc/exp/20260616_181815_atc_whisper_large_v1_lr13_validation/results_atc_validation.jsonl
large-v2	large-v2	1543304960	1280	32	32	atc_validation	ATC validation	lr5e-6_b10_b20p9999	5e-06	23.443267055601858	-0.2943534482758621	812	/home/vol/src/plu/egs/atc/exp/20260616_100945_atc_whisper_large_v2_focused_lr_validation/lr5e-6_b10_b20p9999.atc_validation	egs/atc/exp/20260616_100945_atc_whisper_large_v2_focused_lr_validation/results_atc_validation.jsonl
large-v2	large-v2	1543304960	1280	32	32	atc_validation	ATC validation	lr7e-6_b10_b20p9999	7e-06	8.703417073461127	-0.07516256157635469	812	/home/vol/src/plu/egs/atc/exp/20260616_100945_atc_whisper_large_v2_focused_lr_validation/lr7e-6_b10_b20p9999.atc_validation	egs/atc/exp/20260616_100945_atc_whisper_large_v2_focused_lr_validation/results_atc_validation.jsonl
large-v2	large-v2	1543304960	1280	32	32	atc_validation	ATC validation	lr1e-5_b10_b20p9999	1e-05	7.679485653053934	-0.040288177339901476	812	/home/vol/src/plu/egs/atc/exp/20260616_100945_atc_whisper_large_v2_focused_lr_validation/lr1e-5_b10_b20p9999.atc_validation	egs/atc/exp/20260616_100945_atc_whisper_large_v2_focused_lr_validation/results_atc_validation.jsonl
large-v2	large-v2	1543304960	1280	32	32	atc_validation	ATC validation	lr1p2e-5_b10_b20p9999	1.2e-05	7.119895225622098	-0.036564039408866995	812	/home/vol/src/plu/egs/atc/exp/20260616_100945_atc_whisper_large_v2_focused_lr_validation/lr1p2e-5_b10_b20p9999.atc_validation	egs/atc/exp/20260616_100945_atc_whisper_large_v2_focused_lr_validation/results_atc_validation.jsonl
large-v2	large-v2	1543304960	1280	32	32	atc_validation	ATC validation	lr1p5e-5_b10_b20p9999	1.5e-05	7.1675199428503396	-0.03519458128078818	812	/home/vol/src/plu/egs/atc/exp/20260616_100945_atc_whisper_large_v2_focused_lr_validation/lr1p5e-5_b10_b20p9999.atc_validation	egs/atc/exp/20260616_100945_atc_whisper_large_v2_focused_lr_validation/results_atc_validation.jsonl
large-v2	large-v2	1543304960	1280	32	32	atc_validation	ATC validation	lr2e-5_b10_b20p9999	2e-05	7.619954756518633	-0.03586453201970443	812	/home/vol/src/plu/egs/atc/exp/20260616_100945_atc_whisper_large_v2_focused_lr_validation/lr2e-5_b10_b20p9999.atc_validation	egs/atc/exp/20260616_100945_atc_whisper_large_v2_focused_lr_validation/results_atc_validation.jsonl
large-v2	large-v2	1543304960	1280	32	32	atc_validation	ATC validation	lr3e-5_b10_b20p9999	3e-05	8.036671032265746	-0.040107142857142855	812	/home/vol/src/plu/egs/atc/exp/20260616_100945_atc_whisper_large_v2_focused_lr_validation/lr3e-5_b10_b20p9999.atc_validation	egs/atc/exp/20260616_100945_atc_whisper_large_v2_focused_lr_validation/results_atc_validation.jsonl
large-v3	large-v3	1543490560	1280	32	32	atc_validation	ATC validation	lr5e-6_b10_b20p9999	5e-06	10.072627693773068	-0.06475369458128079	812	/home/vol/src/plu/egs/atc/exp/20260614_234441_atc_whisper_large_lr13_validation/lr5e-6_b10_b20p9999.atc_validation	egs/atc/exp/20260616_100945_atc_whisper_large_v3_focused_lr_filtered/results_atc_validation.jsonl
large-v3	large-v3	1543490560	1280	32	32	atc_validation	ATC validation	lr7e-6_b10_b20p9999	7e-06	8.48910584593404	-0.048258620689655175	812	/home/vol/src/plu/egs/atc/exp/20260614_234441_atc_whisper_large_lr13_validation/lr7e-6_b10_b20p9999.atc_validation	egs/atc/exp/20260616_100945_atc_whisper_large_v3_focused_lr_filtered/results_atc_validation.jsonl
large-v3	large-v3	1543490560	1280	32	32	atc_validation	ATC validation	lr1e-5_b10_b20p9999	1e-05	7.893796880581022	-0.039050492610837435	812	/home/vol/src/plu/egs/atc/exp/20260614_234441_atc_whisper_large_lr13_validation/lr1e-5_b10_b20p9999.atc_validation	egs/atc/exp/20260616_100945_atc_whisper_large_v3_focused_lr_filtered/results_atc_validation.jsonl
large-v3	large-v3	1543490560	1280	32	32	atc_validation	ATC validation	lr1p2e-5_b10_b20p9999	1.2e-05	7.215144660078581	-0.03486453201970443	812	/home/vol/src/plu/egs/atc/exp/20260614_234441_atc_whisper_large_lr13_validation/lr1p2e-5_b10_b20p9999.atc_validation	egs/atc/exp/20260616_100945_atc_whisper_large_v3_focused_lr_filtered/results_atc_validation.jsonl
large-v3	large-v3	1543490560	1280	32	32	atc_validation	ATC validation	lr1p5e-5_b10_b20p9999	1.5e-05	7.1675199428503396	-0.035230295566502465	812	/home/vol/src/plu/egs/atc/exp/20260614_234441_atc_whisper_large_lr13_validation/lr1p5e-5_b10_b20p9999.atc_validation	egs/atc/exp/20260616_100945_atc_whisper_large_v3_focused_lr_filtered/results_atc_validation.jsonl
large-v3	large-v3	1543490560	1280	32	32	atc_validation	ATC validation	lr2e-5_b10_b20p9999	2e-05	7.3461126324562445	-0.034985221674876846	812	/home/vol/src/plu/egs/atc/exp/20260614_234441_atc_whisper_large_lr13_validation/lr2e-5_b10_b20p9999.atc_validation	egs/atc/exp/20260616_100945_atc_whisper_large_v3_focused_lr_filtered/results_atc_validation.jsonl
large-v3	large-v3	1543490560	1280	32	32	atc_validation	ATC validation	lr3e-5_b10_b20p9999	3e-05	9.644005238718895	-0.038704433497536946	812	/home/vol/src/plu/egs/atc/exp/20260614_234441_atc_whisper_large_lr13_validation/lr3e-5_b10_b20p9999.atc_validation	egs/atc/exp/20260616_100945_atc_whisper_large_v3_focused_lr_filtered/results_atc_validation.jsonl
medium	medium	763857920	1024	24	24	atc_validation	ATC validation	lr2e-6_b10_b20p9999	2e-06	34.03976663888558	-0.5050985221674876	812	/home/vol/src/plu/egs/atc/exp/20260614_234441_atc_whisper_medium_lr13_validation/lr2e-6_b10_b20p9999.atc_validation	egs/atc/exp/20260614_234441_atc_whisper_medium_lr13_validation/results_atc_validation.jsonl
medium	medium	763857920	1024	24	24	atc_validation	ATC validation	lr3e-6_b10_b20p9999	3e-06	23.12180021431123	-0.36642857142857144	812	/home/vol/src/plu/egs/atc/exp/20260614_234441_atc_whisper_medium_lr13_validation/lr3e-6_b10_b20p9999.atc_validation	egs/atc/exp/20260614_234441_atc_whisper_medium_lr13_validation/results_atc_validation.jsonl
medium	medium	763857920	1024	24	24	atc_validation	ATC validation	lr4e-6_b10_b20p9999	4e-06	17.59733301583522	-0.2822758620689655	812	/home/vol/src/plu/egs/atc/exp/20260614_234441_atc_whisper_medium_lr13_validation/lr4e-6_b10_b20p9999.atc_validation	egs/atc/exp/20260614_234441_atc_whisper_medium_lr13_validation/results_atc_validation.jsonl
medium	medium	763857920	1024	24	24	atc_validation	ATC validation	lr5e-6_b10_b20p9999	5e-06	13.656387665198238	-0.17915886699507388	812	/home/vol/src/plu/egs/atc/exp/20260614_234441_atc_whisper_medium_lr13_validation/lr5e-6_b10_b20p9999.atc_validation	egs/atc/exp/20260614_234441_atc_whisper_medium_lr13_validation/results_atc_validation.jsonl
medium	medium	763857920	1024	24	24	atc_validation	ATC validation	lr7e-6_b10_b20p9999	7e-06	10.16787712822955	-0.08713793103448277	812	/home/vol/src/plu/egs/atc/exp/20260614_234441_atc_whisper_medium_lr13_validation/lr7e-6_b10_b20p9999.atc_validation	egs/atc/exp/20260614_234441_atc_whisper_medium_lr13_validation/results_atc_validation.jsonl
medium	medium	763857920	1024	24	24	atc_validation	ATC validation	lr1e-5_b10_b20p9999	1e-05	8.989165376830575	-0.05372536945812808	812	/home/vol/src/plu/egs/atc/exp/20260614_234441_atc_whisper_medium_lr13_validation/lr1e-5_b10_b20p9999.atc_validation	egs/atc/exp/20260614_234441_atc_whisper_medium_lr13_validation/results_atc_validation.jsonl
medium	medium	763857920	1024	24	24	atc_validation	ATC validation	lr1p2e-5_b10_b20p9999	1.2e-05	8.643886176925825	-0.05042857142857143	812	/home/vol/src/plu/egs/atc/exp/20260614_234441_atc_whisper_medium_lr13_validation/lr1p2e-5_b10_b20p9999.atc_validation	egs/atc/exp/20260614_234441_atc_whisper_medium_lr13_validation/results_atc_validation.jsonl
medium	medium	763857920	1024	24	24	atc_validation	ATC validation	lr1p5e-5_b10_b20p9999	1.5e-05	8.120014287415168	-0.044591133004926106	812	/home/vol/src/plu/egs/atc/exp/20260614_234441_atc_whisper_medium_lr13_validation/lr1p5e-5_b10_b20p9999.atc_validation	egs/atc/exp/20260614_234441_atc_whisper_medium_lr13_validation/results_atc_validation.jsonl
medium	medium	763857920	1024	24	24	atc_validation	ATC validation	lr2e-5_b10_b20p9999	2e-05	7.810453625431599	-0.03958743842364532	812	/home/vol/src/plu/egs/atc/exp/20260614_234441_atc_whisper_medium_lr13_validation/lr2e-5_b10_b20p9999.atc_validation	egs/atc/exp/20260614_234441_atc_whisper_medium_lr13_validation/results_atc_validation.jsonl
medium	medium	763857920	1024	24	24	atc_validation	ATC validation	lr3e-5_b10_b20p9999	3e-05	8.298606977021073	-0.040176108374384234	812	/home/vol/src/plu/egs/atc/exp/20260614_234441_atc_whisper_medium_lr13_validation/lr3e-5_b10_b20p9999.atc_validation	egs/atc/exp/20260614_234441_atc_whisper_medium_lr13_validation/results_atc_validation.jsonl
medium	medium	763857920	1024	24	24	atc_validation	ATC validation	lr5e-5_b10_b20p9999	5e-05	10.310751279914275	-0.05171428571428571	812	/home/vol/src/plu/egs/atc/exp/20260614_234441_atc_whisper_medium_lr13_validation/lr5e-5_b10_b20p9999.atc_validation	egs/atc/exp/20260614_234441_atc_whisper_medium_lr13_validation/results_atc_validation.jsonl
medium	medium	763857920	1024	24	24	atc_validation	ATC validation	lr7e-5_b10_b20p9999	7e-05	11.668055720919156	-0.0558756157635468	812	/home/vol/src/plu/egs/atc/exp/20260614_234441_atc_whisper_medium_lr13_validation/lr7e-5_b10_b20p9999.atc_validation	egs/atc/exp/20260614_234441_atc_whisper_medium_lr13_validation/results_atc_validation.jsonl
medium	medium	763857920	1024	24	24	atc_validation	ATC validation	lr0p0001_b10_b20p9999	0.0001	36.21859745207763	-0.37661576354679804	812	/home/vol/src/plu/egs/atc/exp/20260614_234441_atc_whisper_medium_lr13_validation/lr0p0001_b10_b20p9999.atc_validation	egs/atc/exp/20260614_234441_atc_whisper_medium_lr13_validation/results_atc_validation.jsonl
small	small	241734912	768	12	12	atc_validation	ATC validation	lr2e-6_b10_b20p9999	2e-06	65.73401595428027	-0.7912844827586207	812	/home/vol/src/plu/egs/atc/exp/20260614_234441_atc_whisper_small_lr13_validation/lr2e-6_b10_b20p9999.atc_validation	egs/atc/exp/20260614_234441_atc_whisper_small_lr13_validation/results_atc_validation.jsonl
small	small	241734912	768	12	12	atc_validation	ATC validation	lr3e-6_b10_b20p9999	3e-06	56.25669722586022	-0.7262192118226601	812	/home/vol/src/plu/egs/atc/exp/20260614_234441_atc_whisper_small_lr13_validation/lr3e-6_b10_b20p9999.atc_validation	egs/atc/exp/20260614_234441_atc_whisper_small_lr13_validation/results_atc_validation.jsonl
small	small	241734912	768	12	12	atc_validation	ATC validation	lr4e-6_b10_b20p9999	4e-06	49.958328372425285	-0.644481527093596	812	/home/vol/src/plu/egs/atc/exp/20260614_234441_atc_whisper_small_lr13_validation/lr4e-6_b10_b20p9999.atc_validation	egs/atc/exp/20260614_234441_atc_whisper_small_lr13_validation/results_atc_validation.jsonl
small	small	241734912	768	12	12	atc_validation	ATC validation	lr5e-6_b10_b20p9999	5e-06	41.17156804381474	-0.5598177339901478	812	/home/vol/src/plu/egs/atc/exp/20260614_234441_atc_whisper_small_lr13_validation/lr5e-6_b10_b20p9999.atc_validation	egs/atc/exp/20260614_234441_atc_whisper_small_lr13_validation/results_atc_validation.jsonl
small	small	241734912	768	12	12	atc_validation	ATC validation	lr7e-6_b10_b20p9999	7e-06	23.383736159066558	-0.29548522167487684	812	/home/vol/src/plu/egs/atc/exp/20260614_234441_atc_whisper_small_lr13_validation/lr7e-6_b10_b20p9999.atc_validation	egs/atc/exp/20260614_234441_atc_whisper_small_lr13_validation/results_atc_validation.jsonl
small	small	241734912	768	12	12	atc_validation	ATC validation	lr1e-5_b10_b20p9999	1e-05	15.394689844029049	-0.10420689655172413	812	/home/vol/src/plu/egs/atc/exp/20260614_234441_atc_whisper_small_lr13_validation/lr1e-5_b10_b20p9999.atc_validation	egs/atc/exp/20260614_234441_atc_whisper_small_lr13_validation/results_atc_validation.jsonl
small	small	241734912	768	12	12	atc_validation	ATC validation	lr1p2e-5_b10_b20p9999	1.2e-05	14.335039885700679	-0.10751970443349754	812	/home/vol/src/plu/egs/atc/exp/20260614_234441_atc_whisper_small_lr13_validation/lr1p2e-5_b10_b20p9999.atc_validation	egs/atc/exp/20260614_234441_atc_whisper_small_lr13_validation/results_atc_validation.jsonl
small	small	241734912	768	12	12	atc_validation	ATC validation	lr1p5e-5_b10_b20p9999	1.5e-05	12.75151803786165	-0.09095443349753696	812	/home/vol/src/plu/egs/atc/exp/20260614_234441_atc_whisper_small_lr13_validation/lr1p5e-5_b10_b20p9999.atc_validation	egs/atc/exp/20260614_234441_atc_whisper_small_lr13_validation/results_atc_validation.jsonl
small	small	241734912	768	12	12	atc_validation	ATC validation	lr2e-5_b10_b20p9999	2e-05	11.298964162400285	-0.0654679802955665	812	/home/vol/src/plu/egs/atc/exp/20260614_234441_atc_whisper_small_lr13_validation/lr2e-5_b10_b20p9999.atc_validation	egs/atc/exp/20260614_234441_atc_whisper_small_lr13_validation/results_atc_validation.jsonl
small	small	241734912	768	12	12	atc_validation	ATC validation	lr3e-5_b10_b20p9999	3e-05	12.822955113704012	-0.06826724137931034	812	/home/vol/src/plu/egs/atc/exp/20260614_234441_atc_whisper_small_lr13_validation/lr3e-5_b10_b20p9999.atc_validation	egs/atc/exp/20260614_234441_atc_whisper_small_lr13_validation/results_atc_validation.jsonl
small	small	241734912	768	12	12	atc_validation	ATC validation	lr5e-5_b10_b20p9999	5e-05	11.227527086557924	-0.05558128078817734	812	/home/vol/src/plu/egs/atc/exp/20260614_234441_atc_whisper_small_lr13_validation/lr5e-5_b10_b20p9999.atc_validation	egs/atc/exp/20260614_234441_atc_whisper_small_lr13_validation/results_atc_validation.jsonl
small	small	241734912	768	12	12	atc_validation	ATC validation	lr7e-5_b10_b20p9999	7e-05	11.76330515537564	-0.0563128078817734	812	/home/vol/src/plu/egs/atc/exp/20260614_234441_atc_whisper_small_lr13_validation/lr7e-5_b10_b20p9999.atc_validation	egs/atc/exp/20260614_234441_atc_whisper_small_lr13_validation/results_atc_validation.jsonl
small	small	241734912	768	12	12	atc_validation	ATC validation	lr0p0001_b10_b20p9999	0.0001	12.025241100130968	-0.06477339901477833	812	/home/vol/src/plu/egs/atc/exp/20260614_234441_atc_whisper_small_lr13_validation/lr0p0001_b10_b20p9999.atc_validation	egs/atc/exp/20260614_234441_atc_whisper_small_lr13_validation/results_atc_validation.jsonl
turbo	turbo	808878080	1280	32	4	validation	ATC validation	lr2e-6_b10_b20p9999	2e-06	16.02571734730325	-0.15573645320197044	812	/home/vol/src/plu/egs/atc/exp/20260610_224128_atc_linear_lr_b10_b20p9999_notimestamps_max96/lr2e-6_b10_b20p9999.validation	egs/atc/exp/20260610_224128_atc_linear_lr_b10_b20p9999_notimestamps_max96/results.jsonl
turbo	turbo	808878080	1280	32	4	validation	ATC validation	lr3e-6_b10_b20p9999	3e-06	13.001547803309919	-0.10241133004926109	812	/home/vol/src/plu/egs/atc/exp/20260610_224128_atc_linear_lr_b10_b20p9999_notimestamps_max96/lr3e-6_b10_b20p9999.validation	egs/atc/exp/20260610_224128_atc_linear_lr_b10_b20p9999_notimestamps_max96/results.jsonl
turbo	turbo	808878080	1280	32	4	validation	ATC validation	lr4e-6_b10_b20p9999	4e-06	10.191689486843671	-0.07598768472906403	812	/home/vol/src/plu/egs/atc/exp/20260610_224128_atc_linear_lr_b10_b20p9999_notimestamps_max96/lr4e-6_b10_b20p9999.validation	egs/atc/exp/20260610_224128_atc_linear_lr_b10_b20p9999_notimestamps_max96/results.jsonl
turbo	turbo	808878080	1280	32	4	validation	ATC validation	lr5e-6_b10_b20p9999	5e-06	9.09632099059412	-0.06344581280788178	812	/home/vol/src/plu/egs/atc/exp/20260610_224128_atc_linear_lr_b10_b20p9999_notimestamps_max96/lr5e-6_b10_b20p9999.validation	egs/atc/exp/20260610_224128_atc_linear_lr_b10_b20p9999_notimestamps_max96/results.jsonl
turbo	turbo	808878080	1280	32	4	validation	ATC validation	lr7e-6_b10_b20p9999	7e-06	8.393856411477557	-0.04842487684729064	812	/home/vol/src/plu/egs/atc/exp/20260610_224128_atc_linear_lr_b10_b20p9999_notimestamps_max96/lr7e-6_b10_b20p9999.validation	egs/atc/exp/20260610_224128_atc_linear_lr_b10_b20p9999_notimestamps_max96/results.jsonl
turbo	turbo	808878080	1280	32	4	validation	ATC validation	lr1e-5_b10_b20p9999	1e-05	7.953327777116323	-0.0441551724137931	812	/home/vol/src/plu/egs/atc/exp/20260610_224128_atc_linear_lr_b10_b20p9999_notimestamps_max96/lr1e-5_b10_b20p9999.validation	egs/atc/exp/20260610_224128_atc_linear_lr_b10_b20p9999_notimestamps_max96/results.jsonl
turbo	turbo	808878080	1280	32	4	validation	ATC validation	lr1p2e-5_b10_b20p9999	1.2e-05	7.762828908203358	-0.039506157635467984	812	/home/vol/src/plu/egs/atc/exp/20260611_014153_atc_linear_lr_b10_b20p9999_ext_notimestamps_max96/lr1p2e-5_b10_b20p9999.validation	egs/atc/exp/20260611_014153_atc_linear_lr_b10_b20p9999_ext_notimestamps_max96/results.jsonl
turbo	turbo	808878080	1280	32	4	validation	ATC validation	lr1p5e-5_b10_b20p9999	1.5e-05	8.191451363257531	-0.041931034482758624	812	/home/vol/src/plu/egs/atc/exp/20260611_014153_atc_linear_lr_b10_b20p9999_ext_notimestamps_max96/lr1p5e-5_b10_b20p9999.validation	egs/atc/exp/20260611_014153_atc_linear_lr_b10_b20p9999_ext_notimestamps_max96/results.jsonl
turbo	turbo	808878080	1280	32	4	validation	ATC validation	lr2e-5_b10_b20p9999	2e-05	10.322657459221336	-0.04849014778325123	812	/home/vol/src/plu/egs/atc/exp/20260611_014153_atc_linear_lr_b10_b20p9999_ext_notimestamps_max96/lr2e-5_b10_b20p9999.validation	egs/atc/exp/20260611_014153_atc_linear_lr_b10_b20p9999_ext_notimestamps_max96/results.jsonl
turbo	turbo	808878080	1280	32	4	validation	ATC validation	lr3e-5_b10_b20p9999	3e-05	12.501488272413383	-0.06888916256157636	812	/home/vol/src/plu/egs/atc/exp/20260611_014153_atc_linear_lr_b10_b20p9999_ext_notimestamps_max96/lr3e-5_b10_b20p9999.validation	egs/atc/exp/20260611_014153_atc_linear_lr_b10_b20p9999_ext_notimestamps_max96/results.jsonl
large-v1	large-v1	1543304960	1280	32	32	atcosim_test	ATCOSIM test	lr2e-6_b10_b20p9999	2e-06	46.87748432117304	-0.35898947922146235	1901	/home/vol/src/plu/egs/atc/exp/20260616_181815_atc_whisper_large_v1_lr13_atcosim_test/lr2e-6_b10_b20p9999.atcosim_test	egs/atc/exp/20260616_181815_atc_whisper_large_v1_lr13_atcosim_test/results_atcosim_test.jsonl
large-v1	large-v1	1543304960	1280	32	32	atcosim_test	ATCOSIM test	lr3e-6_b10_b20p9999	3e-06	34.56408444483703	-0.28861967385586534	1901	/home/vol/src/plu/egs/atc/exp/20260616_181815_atc_whisper_large_v1_lr13_atcosim_test/lr3e-6_b10_b20p9999.atcosim_test	egs/atc/exp/20260616_181815_atc_whisper_large_v1_lr13_atcosim_test/results_atcosim_test.jsonl
large-v1	large-v1	1543304960	1280	32	32	atcosim_test	ATCOSIM test	lr4e-6_b10_b20p9999	4e-06	22.43618054942143	-0.1928616517622304	1901	/home/vol/src/plu/egs/atc/exp/20260616_181815_atc_whisper_large_v1_lr13_atcosim_test/lr4e-6_b10_b20p9999.atcosim_test	egs/atc/exp/20260616_181815_atc_whisper_large_v1_lr13_atcosim_test/results_atcosim_test.jsonl
large-v1	large-v1	1543304960	1280	32	32	atcosim_test	ATCOSIM test	lr5e-6_b10_b20p9999	5e-06	17.84294673615405	-0.13746554445028933	1901	/home/vol/src/plu/egs/atc/exp/20260616_181815_atc_whisper_large_v1_lr13_atcosim_test/lr5e-6_b10_b20p9999.atcosim_test	egs/atc/exp/20260616_181815_atc_whisper_large_v1_lr13_atcosim_test/results_atcosim_test.jsonl
large-v1	large-v1	1543304960	1280	32	32	atcosim_test	ATCOSIM test	lr7e-6_b10_b20p9999	7e-06	16.345729175867856	-0.07714571278274591	1901	/home/vol/src/plu/egs/atc/exp/20260616_181815_atc_whisper_large_v1_lr13_atcosim_test/lr7e-6_b10_b20p9999.atcosim_test	egs/atc/exp/20260616_181815_atc_whisper_large_v1_lr13_atcosim_test/results_atcosim_test.jsonl
large-v1	large-v1	1543304960	1280	32	32	atcosim_test	ATCOSIM test	lr1e-5_b10_b20p9999	1e-05	16.57980743750552	-0.06505365597054182	1901	/home/vol/src/plu/egs/atc/exp/20260616_181815_atc_whisper_large_v1_lr13_atcosim_test/lr1e-5_b10_b20p9999.atcosim_test	egs/atc/exp/20260616_181815_atc_whisper_large_v1_lr13_atcosim_test/results_atcosim_test.jsonl
large-v1	large-v1	1543304960	1280	32	32	atcosim_test	ATCOSIM test	lr1p2e-5_b10_b20p9999	1.2e-05	17.003798251037892	-0.06945397159389795	1901	/home/vol/src/plu/egs/atc/exp/20260616_181815_atc_whisper_large_v1_lr13_atcosim_test/lr1p2e-5_b10_b20p9999.atcosim_test	egs/atc/exp/20260616_181815_atc_whisper_large_v1_lr13_atcosim_test/results_atcosim_test.jsonl
large-v1	large-v1	1543304960	1280	32	32	atcosim_test	ATCOSIM test	lr1p5e-5_b10_b20p9999	1.5e-05	18.06377528486883	-0.0654797475013151	1901	/home/vol/src/plu/egs/atc/exp/20260616_181815_atc_whisper_large_v1_lr13_atcosim_test/lr1p5e-5_b10_b20p9999.atcosim_test	egs/atc/exp/20260616_181815_atc_whisper_large_v1_lr13_atcosim_test/results_atcosim_test.jsonl
large-v1	large-v1	1543304960	1280	32	32	atcosim_test	ATCOSIM test	lr2e-5_b10_b20p9999	2e-05	18.713011218090276	-0.06576223040504997	1901	/home/vol/src/plu/egs/atc/exp/20260616_181815_atc_whisper_large_v1_lr13_atcosim_test/lr2e-5_b10_b20p9999.atcosim_test	egs/atc/exp/20260616_181815_atc_whisper_large_v1_lr13_atcosim_test/results_atcosim_test.jsonl
large-v1	large-v1	1543304960	1280	32	32	atcosim_test	ATCOSIM test	lr3e-5_b10_b20p9999	3e-05	20.378058475399698	-0.07499789584429248	1901	/home/vol/src/plu/egs/atc/exp/20260616_181815_atc_whisper_large_v1_lr13_atcosim_test/lr3e-5_b10_b20p9999.atcosim_test	egs/atc/exp/20260616_181815_atc_whisper_large_v1_lr13_atcosim_test/results_atcosim_test.jsonl
large-v1	large-v1	1543304960	1280	32	32	atcosim_test	ATCOSIM test	lr5e-5_b10_b20p9999	5e-05	23.014751347054148	-0.08934508153603367	1901	/home/vol/src/plu/egs/atc/exp/20260616_181815_atc_whisper_large_v1_lr13_atcosim_test/lr5e-5_b10_b20p9999.atcosim_test	egs/atc/exp/20260616_181815_atc_whisper_large_v1_lr13_atcosim_test/results_atcosim_test.jsonl
large-v1	large-v1	1543304960	1280	32	32	atcosim_test	ATCOSIM test	lr7e-5_b10_b20p9999	7e-05	93.79913435208904	-0.45649815886375594	1901	/home/vol/src/plu/egs/atc/exp/20260616_181815_atc_whisper_large_v1_lr13_atcosim_test/lr7e-5_b10_b20p9999.atcosim_test	egs/atc/exp/20260616_181815_atc_whisper_large_v1_lr13_atcosim_test/results_atcosim_test.jsonl
large-v1	large-v1	1543304960	1280	32	32	atcosim_test	ATCOSIM test	lr0p0001_b10_b20p9999	0.0001	93.06156699938168	-0.4627511835875855	1901	/home/vol/src/plu/egs/atc/exp/20260616_181815_atc_whisper_large_v1_lr13_atcosim_test/lr0p0001_b10_b20p9999.atcosim_test	egs/atc/exp/20260616_181815_atc_whisper_large_v1_lr13_atcosim_test/results_atcosim_test.jsonl
large-v2	large-v2	1543304960	1280	32	32	atcosim_test	ATCOSIM test	lr5e-6_b10_b20p9999	5e-06	29.2244501369137	-0.2831462388216728	1901	/home/vol/src/plu/egs/atc/exp/20260616_100945_atc_whisper_large_v2_focused_lr_atcosim_test/lr5e-6_b10_b20p9999.atcosim_test	egs/atc/exp/20260616_100945_atc_whisper_large_v2_focused_lr_atcosim_test/results_atcosim_test.jsonl
large-v2	large-v2	1543304960	1280	32	32	atcosim_test	ATCOSIM test	lr7e-6_b10_b20p9999	7e-06	15.157671583782351	-0.10920410310362967	1901	/home/vol/src/plu/egs/atc/exp/20260616_100945_atc_whisper_large_v2_focused_lr_atcosim_test/lr7e-6_b10_b20p9999.atcosim_test	egs/atc/exp/20260616_100945_atc_whisper_large_v2_focused_lr_atcosim_test/results_atcosim_test.jsonl
large-v2	large-v2	1543304960	1280	32	32	atcosim_test	ATCOSIM test	lr1e-5_b10_b20p9999	1e-05	15.391749845420016	-0.060807995791688586	1901	/home/vol/src/plu/egs/atc/exp/20260616_100945_atc_whisper_large_v2_focused_lr_atcosim_test/lr1e-5_b10_b20p9999.atcosim_test	egs/atc/exp/20260616_100945_atc_whisper_large_v2_focused_lr_atcosim_test/results_atcosim_test.jsonl
large-v2	large-v2	1543304960	1280	32	32	atcosim_test	ATCOSIM test	lr1p2e-5_b10_b20p9999	1.2e-05	15.122339015987988	-0.06378642819568647	1901	/home/vol/src/plu/egs/atc/exp/20260616_100945_atc_whisper_large_v2_focused_lr_atcosim_test/lr1p2e-5_b10_b20p9999.atcosim_test	egs/atc/exp/20260616_100945_atc_whisper_large_v2_focused_lr_atcosim_test/results_atcosim_test.jsonl
large-v2	large-v2	1543304960	1280	32	32	atcosim_test	ATCOSIM test	lr1p5e-5_b10_b20p9999	1.5e-05	17.65303418425934	-0.06466701735928458	1901	/home/vol/src/plu/egs/atc/exp/20260616_100945_atc_whisper_large_v2_focused_lr_atcosim_test/lr1p5e-5_b10_b20p9999.atcosim_test	egs/atc/exp/20260616_100945_atc_whisper_large_v2_focused_lr_atcosim_test/results_atcosim_test.jsonl
large-v2	large-v2	1543304960	1280	32	32	atcosim_test	ATCOSIM test	lr2e-5_b10_b20p9999	2e-05	17.189294231958307	-0.06647343503419254	1901	/home/vol/src/plu/egs/atc/exp/20260616_100945_atc_whisper_large_v2_focused_lr_atcosim_test/lr2e-5_b10_b20p9999.atcosim_test	egs/atc/exp/20260616_100945_atc_whisper_large_v2_focused_lr_atcosim_test/results_atcosim_test.jsonl
large-v2	large-v2	1543304960	1280	32	32	atcosim_test	ATCOSIM test	lr3e-5_b10_b20p9999	3e-05	19.35341400936313	-0.07118095739084693	1901	/home/vol/src/plu/egs/atc/exp/20260616_100945_atc_whisper_large_v2_focused_lr_atcosim_test/lr3e-5_b10_b20p9999.atcosim_test	egs/atc/exp/20260616_100945_atc_whisper_large_v2_focused_lr_atcosim_test/results_atcosim_test.jsonl
large-v3	large-v3	1543490560	1280	32	32	atcosim_test	ATCOSIM test	lr5e-6_b10_b20p9999	5e-06	16.067485204487237	-0.07361178327196213	1901	/home/vol/src/plu/egs/atc/exp/20260614_234441_atc_whisper_large_lr13_atcosim_test/lr5e-6_b10_b20p9999.atcosim_test	egs/atc/exp/20260616_100945_atc_whisper_large_v3_focused_lr_filtered/results_atcosim_test.jsonl
large-v3	large-v3	1543490560	1280	32	32	atcosim_test	ATCOSIM test	lr7e-6_b10_b20p9999	7e-06	15.294585283985512	-0.06734928984744872	1901	/home/vol/src/plu/egs/atc/exp/20260614_234441_atc_whisper_large_lr13_atcosim_test/lr7e-6_b10_b20p9999.atcosim_test	egs/atc/exp/20260616_100945_atc_whisper_large_v3_focused_lr_filtered/results_atcosim_test.jsonl
large-v3	large-v3	1543490560	1280	32	32	atcosim_test	ATCOSIM test	lr1e-5_b10_b20p9999	1e-05	15.272502429114034	-0.06243766438716465	1901	/home/vol/src/plu/egs/atc/exp/20260614_234441_atc_whisper_large_lr13_atcosim_test/lr1e-5_b10_b20p9999.atcosim_test	egs/atc/exp/20260616_100945_atc_whisper_large_v3_focused_lr_filtered/results_atcosim_test.jsonl
large-v3	large-v3	1543490560	1280	32	32	atcosim_test	ATCOSIM test	lr1p2e-5_b10_b20p9999	1.2e-05	15.687660100697817	-0.06279800105207786	1901	/home/vol/src/plu/egs/atc/exp/20260614_234441_atc_whisper_large_lr13_atcosim_test/lr1p2e-5_b10_b20p9999.atcosim_test	egs/atc/exp/20260616_100945_atc_whisper_large_v3_focused_lr_filtered/results_atcosim_test.jsonl
large-v3	large-v3	1543490560	1280	32	32	atcosim_test	ATCOSIM test	lr1p5e-5_b10_b20p9999	1.5e-05	16.305980037099197	-0.06278274592319831	1901	/home/vol/src/plu/egs/atc/exp/20260614_234441_atc_whisper_large_lr13_atcosim_test/lr1p5e-5_b10_b20p9999.atcosim_test	egs/atc/exp/20260616_100945_atc_whisper_large_v3_focused_lr_filtered/results_atcosim_test.jsonl
large-v3	large-v3	1543490560	1280	32	32	atcosim_test	ATCOSIM test	lr2e-5_b10_b20p9999	2e-05	16.46056002119954	-0.06574644923724356	1901	/home/vol/src/plu/egs/atc/exp/20260614_234441_atc_whisper_large_lr13_atcosim_test/lr2e-5_b10_b20p9999.atcosim_test	egs/atc/exp/20260616_100945_atc_whisper_large_v3_focused_lr_filtered/results_atcosim_test.jsonl
large-v3	large-v3	1543490560	1280	32	32	atcosim_test	ATCOSIM test	lr3e-5_b10_b20p9999	3e-05	18.942672908753643	-0.07408100999473961	1901	/home/vol/src/plu/egs/atc/exp/20260614_234441_atc_whisper_large_lr13_atcosim_test/lr3e-5_b10_b20p9999.atcosim_test	egs/atc/exp/20260616_100945_atc_whisper_large_v3_focused_lr_filtered/results_atcosim_test.jsonl
medium	medium	763857920	1024	24	24	atcosim_test	ATCOSIM test	lr2e-6_b10_b20p9999	2e-06	30.977828813709035	-0.35736086270384004	1901	/home/vol/src/plu/egs/atc/exp/20260614_234441_atc_whisper_medium_lr13_atcosim_test/lr2e-6_b10_b20p9999.atcosim_test	egs/atc/exp/20260614_234441_atc_whisper_medium_lr13_atcosim_test/results_atcosim_test.jsonl
medium	medium	763857920	1024	24	24	atcosim_test	ATCOSIM test	lr3e-6_b10_b20p9999	3e-06	21.234873244413038	-0.29389426617569697	1901	/home/vol/src/plu/egs/atc/exp/20260614_234441_atc_whisper_medium_lr13_atcosim_test/lr3e-6_b10_b20p9999.atcosim_test	egs/atc/exp/20260614_234441_atc_whisper_medium_lr13_atcosim_test/results_atcosim_test.jsonl
medium	medium	763857920	1024	24	24	atcosim_test	ATCOSIM test	lr4e-6_b10_b20p9999	4e-06	19.318081441568765	-0.24428406102051553	1901	/home/vol/src/plu/egs/atc/exp/20260614_234441_atc_whisper_medium_lr13_atcosim_test/lr4e-6_b10_b20p9999.atcosim_test	egs/atc/exp/20260614_234441_atc_whisper_medium_lr13_atcosim_test/results_atcosim_test.jsonl
medium	medium	763857920	1024	24	24	atcosim_test	ATCOSIM test	lr5e-6_b10_b20p9999	5e-06	17.820863881282573	-0.17127564439768544	1901	/home/vol/src/plu/egs/atc/exp/20260614_234441_atc_whisper_medium_lr13_atcosim_test/lr5e-6_b10_b20p9999.atcosim_test	egs/atc/exp/20260614_234441_atc_whisper_medium_lr13_atcosim_test/results_atcosim_test.jsonl
medium	medium	763857920	1024	24	24	atcosim_test	ATCOSIM test	lr7e-6_b10_b20p9999	7e-06	16.977298825192122	-0.11701683324566019	1901	/home/vol/src/plu/egs/atc/exp/20260614_234441_atc_whisper_medium_lr13_atcosim_test/lr7e-6_b10_b20p9999.atcosim_test	egs/atc/exp/20260614_234441_atc_whisper_medium_lr13_atcosim_test/results_atcosim_test.jsonl
medium	medium	763857920	1024	24	24	atcosim_test	ATCOSIM test	lr1e-5_b10_b20p9999	1e-05	17.043547389806555	-0.07792214623882167	1901	/home/vol/src/plu/egs/atc/exp/20260614_234441_atc_whisper_medium_lr13_atcosim_test/lr1e-5_b10_b20p9999.atcosim_test	egs/atc/exp/20260614_234441_atc_whisper_medium_lr13_atcosim_test/results_atcosim_test.jsonl
medium	medium	763857920	1024	24	24	atcosim_test	ATCOSIM test	lr1p2e-5_b10_b20p9999	1.2e-05	17.405706209698792	-0.0726938453445555	1901	/home/vol/src/plu/egs/atc/exp/20260614_234441_atc_whisper_medium_lr13_atcosim_test/lr1p2e-5_b10_b20p9999.atcosim_test	egs/atc/exp/20260614_234441_atc_whisper_medium_lr13_atcosim_test/results_atcosim_test.jsonl
medium	medium	763857920	1024	24	24	atcosim_test	ATCOSIM test	lr1p5e-5_b10_b20p9999	1.5e-05	17.560286193799136	-0.07117569700157812	1901	/home/vol/src/plu/egs/atc/exp/20260614_234441_atc_whisper_medium_lr13_atcosim_test/lr1p5e-5_b10_b20p9999.atcosim_test	egs/atc/exp/20260614_234441_atc_whisper_medium_lr13_atcosim_test/results_atcosim_test.jsonl
medium	medium	763857920	1024	24	24	atcosim_test	ATCOSIM test	lr2e-5_b10_b20p9999	2e-05	17.71044960692518	-0.06806575486586007	1901	/home/vol/src/plu/egs/atc/exp/20260614_234441_atc_whisper_medium_lr13_atcosim_test/lr2e-5_b10_b20p9999.atcosim_test	egs/atc/exp/20260614_234441_atc_whisper_medium_lr13_atcosim_test/results_atcosim_test.jsonl
medium	medium	763857920	1024	24	24	atcosim_test	ATCOSIM test	lr3e-5_b10_b20p9999	3e-05	20.236728204222242	-0.07328932140978432	1901	/home/vol/src/plu/egs/atc/exp/20260614_234441_atc_whisper_medium_lr13_atcosim_test/lr3e-5_b10_b20p9999.atcosim_test	egs/atc/exp/20260614_234441_atc_whisper_medium_lr13_atcosim_test/results_atcosim_test.jsonl
medium	medium	763857920	1024	24	24	atcosim_test	ATCOSIM test	lr5e-5_b10_b20p9999	5e-05	21.186290963695786	-0.08411572856391372	1901	/home/vol/src/plu/egs/atc/exp/20260614_234441_atc_whisper_medium_lr13_atcosim_test/lr5e-5_b10_b20p9999.atcosim_test	egs/atc/exp/20260614_234441_atc_whisper_medium_lr13_atcosim_test/results_atcosim_test.jsonl
medium	medium	763857920	1024	24	24	atcosim_test	ATCOSIM test	lr7e-5_b10_b20p9999	7e-05	23.968730677501988	-0.09603682272488165	1901	/home/vol/src/plu/egs/atc/exp/20260614_234441_atc_whisper_medium_lr13_atcosim_test/lr7e-5_b10_b20p9999.atcosim_test	egs/atc/exp/20260614_234441_atc_whisper_medium_lr13_atcosim_test/results_atcosim_test.jsonl
medium	medium	763857920	1024	24	24	atcosim_test	ATCOSIM test	lr0p0001_b10_b20p9999	0.0001	46.228248387951595	-0.42382167280378746	1901	/home/vol/src/plu/egs/atc/exp/20260614_234441_atc_whisper_medium_lr13_atcosim_test/lr0p0001_b10_b20p9999.atcosim_test	egs/atc/exp/20260614_234441_atc_whisper_medium_lr13_atcosim_test/results_atcosim_test.jsonl
small	small	241734912	768	12	12	atcosim_test	ATCOSIM test	lr2e-6_b10_b20p9999	2e-06	59.30571504284073	-0.533859021567596	1901	/home/vol/src/plu/egs/atc/exp/20260614_234441_atc_whisper_small_lr13_atcosim_test/lr2e-6_b10_b20p9999.atcosim_test	egs/atc/exp/20260614_234441_atc_whisper_small_lr13_atcosim_test/results_atcosim_test.jsonl
small	small	241734912	768	12	12	atcosim_test	ATCOSIM test	lr3e-6_b10_b20p9999	3e-06	54.769896652239204	-0.502308258811152	1901	/home/vol/src/plu/egs/atc/exp/20260614_234441_atc_whisper_small_lr13_atcosim_test/lr3e-6_b10_b20p9999.atcosim_test	egs/atc/exp/20260614_234441_atc_whisper_small_lr13_atcosim_test/results_atcosim_test.jsonl
small	small	241734912	768	12	12	atcosim_test	ATCOSIM test	lr4e-6_b10_b20p9999	4e-06	51.347054147160144	-0.4648069437138348	1901	/home/vol/src/plu/egs/atc/exp/20260614_234441_atc_whisper_small_lr13_atcosim_test/lr4e-6_b10_b20p9999.atcosim_test	egs/atc/exp/20260614_234441_atc_whisper_small_lr13_atcosim_test/results_atcosim_test.jsonl
small	small	241734912	768	12	12	atcosim_test	ATCOSIM test	lr5e-6_b10_b20p9999	5e-06	45.627594735447396	-0.4155465544450289	1901	/home/vol/src/plu/egs/atc/exp/20260614_234441_atc_whisper_small_lr13_atcosim_test/lr5e-6_b10_b20p9999.atcosim_test	egs/atc/exp/20260614_234441_atc_whisper_small_lr13_atcosim_test/results_atcosim_test.jsonl
small	small	241734912	768	12	12	atcosim_test	ATCOSIM test	lr7e-6_b10_b20p9999	7e-06	28.37205193887466	-0.2387127827459232	1901	/home/vol/src/plu/egs/atc/exp/20260614_234441_atc_whisper_small_lr13_atcosim_test/lr7e-6_b10_b20p9999.atcosim_test	egs/atc/exp/20260614_234441_atc_whisper_small_lr13_atcosim_test/results_atcosim_test.jsonl
small	small	241734912	768	12	12	atcosim_test	ATCOSIM test	lr1e-5_b10_b20p9999	1e-05	21.380620086564793	-0.108894266175697	1901	/home/vol/src/plu/egs/atc/exp/20260614_234441_atc_whisper_small_lr13_atcosim_test/lr1e-5_b10_b20p9999.atcosim_test	egs/atc/exp/20260614_234441_atc_whisper_small_lr13_atcosim_test/results_atcosim_test.jsonl
small	small	241734912	768	12	12	atcosim_test	ATCOSIM test	lr1p2e-5_b10_b20p9999	1.2e-05	19.887819097252894	-0.10806312467122567	1901	/home/vol/src/plu/egs/atc/exp/20260614_234441_atc_whisper_small_lr13_atcosim_test/lr1p2e-5_b10_b20p9999.atcosim_test	egs/atc/exp/20260614_234441_atc_whisper_small_lr13_atcosim_test/results_atcosim_test.jsonl
small	small	241734912	768	12	12	atcosim_test	ATCOSIM test	lr1p5e-5_b10_b20p9999	1.5e-05	20.0777316491476	-0.0986964755391899	1901	/home/vol/src/plu/egs/atc/exp/20260614_234441_atc_whisper_small_lr13_atcosim_test/lr1p5e-5_b10_b20p9999.atcosim_test	egs/atc/exp/20260614_234441_atc_whisper_small_lr13_atcosim_test/results_atcosim_test.jsonl
small	small	241734912	768	12	12	atcosim_test	ATCOSIM test	lr2e-5_b10_b20p9999	2e-05	19.181167741365606	-0.08075065754865861	1901	/home/vol/src/plu/egs/atc/exp/20260614_234441_atc_whisper_small_lr13_atcosim_test/lr2e-5_b10_b20p9999.atcosim_test	egs/atc/exp/20260614_234441_atc_whisper_small_lr13_atcosim_test/results_atcosim_test.jsonl
small	small	241734912	768	12	12	atcosim_test	ATCOSIM test	lr3e-5_b10_b20p9999	3e-05	20.629803020934546	-0.08036138874276696	1901	/home/vol/src/plu/egs/atc/exp/20260614_234441_atc_whisper_small_lr13_atcosim_test/lr3e-5_b10_b20p9999.atcosim_test	egs/atc/exp/20260614_234441_atc_whisper_small_lr13_atcosim_test/results_atcosim_test.jsonl
small	small	241734912	768	12	12	atcosim_test	ATCOSIM test	lr5e-5_b10_b20p9999	5e-05	20.52822188852575	-0.07337769594950028	1901	/home/vol/src/plu/egs/atc/exp/20260614_234441_atc_whisper_small_lr13_atcosim_test/lr5e-5_b10_b20p9999.atcosim_test	egs/atc/exp/20260614_234441_atc_whisper_small_lr13_atcosim_test/results_atcosim_test.jsonl
small	small	241734912	768	12	12	atcosim_test	ATCOSIM test	lr7e-5_b10_b20p9999	7e-05	22.03868916173483	-0.07927511835875854	1901	/home/vol/src/plu/egs/atc/exp/20260614_234441_atc_whisper_small_lr13_atcosim_test/lr7e-5_b10_b20p9999.atcosim_test	egs/atc/exp/20260614_234441_atc_whisper_small_lr13_atcosim_test/results_atcosim_test.jsonl
small	small	241734912	768	12	12	atcosim_test	ATCOSIM test	lr0p0001_b10_b20p9999	0.0001	23.76556841268439	-0.08591215149921093	1901	/home/vol/src/plu/egs/atc/exp/20260614_234441_atc_whisper_small_lr13_atcosim_test/lr0p0001_b10_b20p9999.atcosim_test	egs/atc/exp/20260614_234441_atc_whisper_small_lr13_atcosim_test/results_atcosim_test.jsonl
turbo	turbo	808878080	1280	32	4	atcosim_test	ATCOSIM test	lr2e-6_b10_b20p9999	2e-06	18.059358713894532	-0.1220431351920042	1901	/home/vol/src/plu/egs/atc/exp/20260613_000915_atc_only_lr10_base_atcosim_test/lr2e-6_b10_b20p9999.atcosim_test	egs/atc/exp/20260613_000915_atc_only_lr10_base_atcosim_test/results_atcosim_test.jsonl
turbo	turbo	808878080	1280	32	4	atcosim_test	ATCOSIM test	lr3e-6_b10_b20p9999	3e-06	17.189294231958307	-0.09962177801157286	1901	/home/vol/src/plu/egs/atc/exp/20260613_000915_atc_only_lr10_base_atcosim_test/lr3e-6_b10_b20p9999.atcosim_test	egs/atc/exp/20260613_000915_atc_only_lr10_base_atcosim_test/results_atcosim_test.jsonl
turbo	turbo	808878080	1280	32	4	atcosim_test	ATCOSIM test	lr4e-6_b10_b20p9999	4e-06	16.5003091599682	-0.08795476065228827	1901	/home/vol/src/plu/egs/atc/exp/20260613_000915_atc_only_lr10_base_atcosim_test/lr4e-6_b10_b20p9999.atcosim_test	egs/atc/exp/20260613_000915_atc_only_lr10_base_atcosim_test/results_atcosim_test.jsonl
turbo	turbo	808878080	1280	32	4	atcosim_test	ATCOSIM test	lr5e-6_b10_b20p9999	5e-06	16.478226305096726	-0.08411467648605996	1901	/home/vol/src/plu/egs/atc/exp/20260613_000915_atc_only_lr10_base_atcosim_test/lr5e-6_b10_b20p9999.atcosim_test	egs/atc/exp/20260613_000915_atc_only_lr10_base_atcosim_test/results_atcosim_test.jsonl
turbo	turbo	808878080	1280	32	4	atcosim_test	ATCOSIM test	lr7e-6_b10_b20p9999	7e-06	16.64163943114566	-0.07461020515518149	1901	/home/vol/src/plu/egs/atc/exp/20260613_000915_atc_only_lr10_base_atcosim_test/lr7e-6_b10_b20p9999.atcosim_test	egs/atc/exp/20260613_000915_atc_only_lr10_base_atcosim_test/results_atcosim_test.jsonl
turbo	turbo	808878080	1280	32	4	atcosim_test	ATCOSIM test	lr1e-5_b10_b20p9999	1e-05	16.96846568324353	-0.07086270384008417	1901	/home/vol/src/plu/egs/atc/exp/20260613_000915_atc_only_lr10_base_atcosim_test/lr1e-5_b10_b20p9999.atcosim_test	egs/atc/exp/20260613_000915_atc_only_lr10_base_atcosim_test/results_atcosim_test.jsonl
turbo	turbo	808878080	1280	32	4	atcosim_test	ATCOSIM test	lr1p2e-5_b10_b20p9999	1.2e-05	17.577952477696314	-0.06791425565491846	1901	/home/vol/src/plu/egs/atc/exp/20260613_000915_atc_only_lr10_ext_atcosim_test/lr1p2e-5_b10_b20p9999.atcosim_test	egs/atc/exp/20260613_000915_atc_only_lr10_ext_atcosim_test/results_atcosim_test.jsonl
turbo	turbo	808878080	1280	32	4	atcosim_test	ATCOSIM test	lr1p5e-5_b10_b20p9999	1.5e-05	19.225333451108558	-0.07566596528143082	1901	/home/vol/src/plu/egs/atc/exp/20260613_000915_atc_only_lr10_ext_atcosim_test/lr1p5e-5_b10_b20p9999.atcosim_test	egs/atc/exp/20260613_000915_atc_only_lr10_ext_atcosim_test/results_atcosim_test.jsonl
turbo	turbo	808878080	1280	32	4	atcosim_test	ATCOSIM test	lr2e-5_b10_b20p9999	2e-05	21.870859464711597	-0.08377695949500262	1901	/home/vol/src/plu/egs/atc/exp/20260613_000915_atc_only_lr10_ext_atcosim_test/lr2e-5_b10_b20p9999.atcosim_test	egs/atc/exp/20260613_000915_atc_only_lr10_ext_atcosim_test/results_atcosim_test.jsonl
turbo	turbo	808878080	1280	32	4	atcosim_test	ATCOSIM test	lr3e-5_b10_b20p9999	3e-05	26.852751523716982	-0.11076906891109942	1901	/home/vol/src/plu/egs/atc/exp/20260613_000915_atc_only_lr10_ext_atcosim_test/lr3e-5_b10_b20p9999.atcosim_test	egs/atc/exp/20260613_000915_atc_only_lr10_ext_atcosim_test/results_atcosim_test.jsonl
